Time,ModBitCount,PlaintextBitCount,Eksponent
2360,5,6,7
11860,8,6,3
300,5,6,7
240,7,6,3
480,7,6,7
240,7,6,3
380,7,6,3
240,8,6,3
220,7,6,3
220,7,6,3
240,7,6,3
220,7,6,3
220,8,6,3
220,7,6,3
200,7,6,3
480,6,6,7
220,8,6,3
240,7,6,3
360,5,6,7
540,5,6,7
260,7,6,3
200,8,6,3
380,5,6,7
280,7,6,7
340,7,6,11
380,7,6,11
1080,7,6,5
280,5,6,7
320,7,6,5
280,7,6,5
340,9,6,5
260,7,6,5
240,7,6,5
240,7,6,5
320,7,6,11
220,7,6,5
360,7,6,11
260,7,6,5
200,10,6,3
300,7,6,5
420,7,6,5
420,6,6,7
480,7,6,11
940,7,6,5
360,7,6,5
280,7,6,5
220,7,6,5
260,5,6,7
880,11,6,11
3880,6,6,5
300,6,6,5
240,9,6,3
440,10,6,11
400,9,6,11
380,11,6,11
200,9,6,3
380,10,6,11
240,12,6,3
480,9,6,11
320,5,6,5
480,11,6,11
400,11,6,11
280,5,6,5
240,7,6,5
300,9,6,7
380,5,6,13
280,10,6,5
260,9,6,3
360,11,6,11
300,9,6,3
340,11,6,5
380,9,6,11
320,10,6,5
260,9,6,5
240,13,6,3
360,11,6,3
220,11,6,3
260,12,6,5
280,9,6,5
280,12,6,5
220,11,6,3
320,9,6,3
340,9,6,5
340,10,6,5
220,9,6,3
280,11,6,5
260,9,6,5
260,12,6,3
240,12,6,3
460,13,6,7
380,11,6,5
280,9,6,5
220,11,6,3
380,11,6,5
460,12,6,5
240,10,6,3
220,13,6,5
380,11,6,11
260,9,6,5
320,13,6,3
260,10,6,3
260,11,6,5
260,11,6,3
280,11,6,5
420,9,6,7
280,12,6,5
280,11,6,5
220,9,6,5
280,17,6,3
260,15,6,5
260,13,6,3
280,8,6,7
380,11,6,11
280,17,6,5
320,13,6,7
280,8,6,5
340,10,6,5
700,12,6,5
300,9,6,7
540,12,6,7
360,14,6,5
240,13,6,3
220,13,6,3
280,9,6,3
200,6,6,3
320,12,6,7
260,10,6,3
300,12,6,7
280,13,6,5
260,8,6,3
240,8,6,3
300,12,6,7
300,12,6,5
240,15,6,7
260,10,6,5
300,13,6,7
460,11,6,5
440,12,6,5
360,14,6,11
340,13,6,7
340,13,6,7
7440,13,6,3
300,14,6,5
260,12,6,3
400,14,6,11
200,11,6,3
200,15,6,3
280,13,6,7
360,15,6,11
280,13,6,5
280,15,6,7
300,15,6,7
200,11,6,3
800,15,6,5
240,13,6,3
300,13,6,7
280,13,6,5
220,12,6,3
980,13,6,13
240,12,6,3
280,11,6,5
220,11,6,3
340,12,6,5
300,9,6,13
280,16,6,7
260,11,6,3
320,15,6,5
300,12,6,5
220,11,6,3
280,13,6,5
360,16,6,11
880,12,6,7
160,13,6,3
180,15,6,3
240,17,6,13
200,17,6,7
300,11,6,5
200,15,6,11
120,17,6,3
160,8,6,5
200,14,6,5
180,11,6,3
160,20,6,5
120,15,6,3
360,13,6,11
320,13,6,3
320,11,6,5
260,13,6,3
220,14,6,11
200,15,6,7
200,13,6,7
160,13,6,3
200,10,6,7
200,15,6,3
180,14,6,5
180,16,6,5
180,18,6,5
160,10,6,5
260,8,6,11
120,17,6,3
100,15,6,3
120,16,6,3
100,16,6,3
120,16,6,5
200,13,6,11
140,14,6,7
160,14,6,7
140,14,6,5
140,15,6,5
13200,20,6,5
140,14,6,3
120,15,6,7
140,14,6,3
160,13,6,7
120,14,6,3
140,20,6,5
100,17,6,3
120,19,6,3
100,12,6,3
120,16,6,7
100,16,6,3
160,11,6,5
180,15,6,5
180,14,6,7
140,14,6,5
120,11,6,3
160,15,6,5
140,13,6,5
120,17,6,3
100,14,6,3
120,17,6,5
160,14,6,5
160,22,6,7
100,14,6,3
160,17,6,7
160,16,6,5
200,20,6,5
200,17,6,5
140,17,6,3
100,13,6,3
200,18,6,7
180,18,6,7
180,21,6,5
360,19,6,11
260,20,6,5
300,12,6,11
280,19,6,5
220,15,6,5
240,20,6,5
180,21,6,3
260,15,6,5
5640,15,6,5
200,16,6,3
260,20,6,7
260,11,6,7
220,15,6,7
240,15,6,5
220,23,6,5
200,15,6,5
200,19,6,5
260,14,6,5
260,16,6,7
300,18,6,11
200,13,6,3
280,21,6,7
340,17,6,11
420,23,6,11
240,18,6,7
280,20,6,5
240,16,6,7
200,20,6,3
300,15,6,7
140,21,6,3
240,16,6,5
260,22,6,7
200,18,6,3
200,15,6,5
220,12,6,5
200,18,6,5
340,18,6,13
220,18,6,5
240,15,6,5
500,19,6,17
260,19,6,7
180,20,6,3
200,18,6,3
180,18,6,3
500,22,6,3
280,22,6,7
180,16,6,3
240,21,6,5
200,17,6,5
480,23,6,13
220,19,6,5
180,18,6,3
200,16,6,5
240,22,6,5
200,16,6,3
160,19,6,3
240,17,6,7
160,17,6,3
360,20,6,11
220,17,6,5
220,23,6,5
300,19,6,7
220,27,6,5
200,22,6,5
200,18,6,3
200,22,6,5
240,14,6,7
260,21,6,5
480,26,6,7
220,18,6,5
360,25,6,3
500,18,6,7
580,17,6,11
460,22,6,7
440,18,6,7
320,22,6,3
260,18,6,3
280,24,6,3
300,18,6,3
400,22,6,5
280,22,6,3
460,18,6,7
400,18,6,5
460,14,6,7
300,21,6,3
240,18,6,3
420,20,6,5
760,21,6,19
460,21,6,7
600,16,6,11
500,18,6,7
360,16,6,3
320,19,6,3
400,22,6,5
480,24,6,7
460,23,6,7
600,21,6,11
580,21,6,11
560,23,6,5
480,23,6,5
400,22,6,5
300,15,6,3
300,19,6,3
480,20,6,7
420,23,6,7
400,21,6,5
460,19,6,7
380,21,6,5
400,18,6,5
400,14,6,5
500,18,6,7
320,19,6,3
380,22,6,5
380,26,6,5
480,23,6,7
620,23,6,11
300,24,6,3
400,19,6,5
460,22,6,7
600,26,6,13
380,21,6,5
580,17,6,11
460,21,6,7
380,24,6,5
420,21,6,7
340,22,6,3
380,18,6,5
340,22,6,5
640,26,6,11
420,27,6,5
440,25,6,5
580,19,6,11
580,22,6,11
480,25,6,7
340,20,6,3
420,19,6,5
300,21,6,3
360,25,6,5
380,22,6,5
620,22,6,11
640,20,6,13
440,28,6,7
400,26,6,5
300,23,6,3
280,22,6,3
300,20,6,3
400,23,6,5
560,23,6,7
420,22,6,5
380,21,6,5
320,26,6,3
480,26,6,7
420,24,6,5
340,15,6,5
340,17,6,5
400,25,6,5
380,20,6,5
300,24,6,3
380,21,6,5
360,22,6,5
480,26,6,7
500,20,6,7
460,24,6,5
440,26,6,7
540,20,6,7
360,28,6,3
300,25,6,3
460,24,6,5
440,29,6,5
360,19,6,5
320,26,6,3
300,25,6,3
300,26,6,3
460,20,6,7
620,23,6,11
320,20,6,3
380,23,6,5
380,27,6,5
460,22,6,7
400,26,6,5
460,26,6,7
420,25,6,5
620,26,6,11
13560,22,6,3
260,31,6,3
260,24,6,3
500,24,6,7
460,22,6,7
300,20,6,3
660,26,6,11
360,23,6,5
620,30,6,5
520,29,6,7
380,24,6,5
480,26,6,7
660,30,6,11
480,25,6,7
420,25,6,7
480,20,6,7
460,30,6,7
460,20,6,7
420,28,6,5
360,27,6,5
320,21,6,3
480,22,6,5
400,28,6,5
400,22,6,5
440,27,6,5
740,22,6,7
580,25,6,11
320,24,6,5
380,24,6,5
400,27,6,3
580,18,6,11
320,29,6,3
760,28,6,11
420,23,6,7
400,26,6,5
380,25,6,5
380,27,6,5
400,24,6,5
300,32,6,3
280,25,6,3
460,25,6,7
420,29,6,7
380,22,6,5
600,30,6,11
520,25,6,7
340,25,6,3
400,26,6,5
380,26,6,5
300,27,6,3
400,25,6,5
1060,25,6,11
480,24,6,3
420,25,6,5
300,25,6,3
280,29,6,3
400,23,6,5
400,33,6,7
340,30,6,3
420,31,6,7
360,29,6,5
400,19,6,7
440,25,6,7
380,29,6,5
500,28,6,7
360,27,6,3
320,28,6,3
420,33,6,5
380,26,6,5
500,26,6,7
300,24,6,3
400,28,6,5
320,27,6,3
540,29,6,7
360,27,6,3
440,28,6,5
440,34,6,5
480,27,6,7
400,27,6,5
360,31,6,5
420,31,6,7
300,33,6,3
300,26,6,3
280,24,6,3
460,27,6,7
640,35,6,11
420,25,6,5
480,26,6,7
400,32,6,5
440,29,6,5
320,23,6,3
460,22,6,7
320,29,6,3
400,27,6,7
440,35,6,7
300,31,6,3
500,25,6,7
340,23,6,5
280,26,6,3
360,26,6,5
640,31,6,13
420,22,6,5
940,29,6,7
340,29,6,5
300,27,6,3
360,33,6,5
480,33,6,7
400,33,6,7
360,29,6,5
340,27,6,5
400,30,6,7
300,30,6,3
400,28,6,5
360,31,6,5
340,30,6,5
340,27,6,5
380,29,6,7
440,28,6,5
600,25,6,11
300,29,6,3
280,27,6,3
320,30,6,3
340,32,6,5
480,24,6,7
500,23,6,5
440,24,6,5
260,34,6,3
380,27,6,5
360,40,6,5
340,30,6,5
320,34,6,5
360,27,6,5
300,32,6,3
360,35,6,5
480,34,6,3
580,35,6,11
420,29,6,7
620,31,6,13
620,28,6,11
460,32,6,5
300,33,6,3
520,22,6,5
380,33,6,5
680,28,6,11
700,25,6,11
480,21,6,5
340,32,6,5
300,31,6,3
340,30,6,5
380,37,6,5
400,33,6,5
340,36,6,5
440,29,6,7
340,29,6,5
560,32,6,11
340,28,6,5
320,19,6,5
380,36,6,7
380,23,6,5
380,31,6,7
380,32,6,7
400,30,6,7
300,25,6,3
320,33,6,5
320,32,6,5
420,29,6,7
680,28,6,5
300,28,6,3
360,35,6,5
300,37,6,3
320,29,6,5
340,38,6,5
300,37,6,3
420,30,6,7
300,31,6,5
360,27,6,5
320,36,6,3
260,30,6,3
260,32,6,3
340,26,6,5
440,37,6,7
680,34,6,5
360,39,6,3
400,32,6,7
380,37,6,7
380,29,6,7
260,36,6,3
400,25,6,7
360,30,6,7
280,36,6,3
540,31,6,13
520,30,6,13
440,28,6,7
280,29,6,3
360,24,6,5
400,30,6,7
540,35,6,11
340,33,6,5
380,26,6,7
1640,36,6,3
260,30,6,3
6260,30,6,7
280,36,6,5
300,33,6,5
280,42,6,5
320,32,6,7
220,30,6,3
320,40,6,7
300,26,6,7
340,30,6,5
260,32,6,5
280,36,6,5
340,32,6,7
280,30,6,5
260,36,6,5
300,28,6,7
280,34,6,5
300,34,6,7
200,29,6,3
520,35,6,5
340,37,6,3
660,31,6,13
400,32,6,5
520,36,6,7
620,33,6,7
440,32,6,5
380,36,6,5
400,26,6,5
400,35,6,5
400,41,6,5
400,34,6,5
900,41,6,11
420,34,6,5
880,35,6,11
320,36,6,3
400,40,6,5
420,34,6,7
400,39,6,7
640,33,6,3
300,32,6,3
1020,35,6,7
300,38,6,3
480,37,6,7
360,44,6,3
500,39,6,5
480,39,6,5
560,40,6,7
380,30,6,3
540,35,6,5
400,37,6,5
400,38,6,5
440,34,6,5
460,36,6,5
900,34,6,11
440,36,6,5
320,32,6,3
320,34,6,3
400,39,6,5
340,34,6,3
400,32,6,5
460,33,6,5
480,39,6,7
380,35,6,3
440,35,6,7
520,36,6,7
560,41,6,7
740,35,6,5
400,31,6,5
940,30,6,11
840,40,6,11
460,37,6,5
960,32,6,11
400,35,6,3
360,37,6,3
480,36,6,5
480,35,6,7
340,33,6,3
300,36,6,3
460,37,6,5
420,31,6,7
420,29,6,7
360,37,6,3
400,37,6,5
340,33,6,3
340,37,6,3
420,39,6,5
460,30,6,7
400,32,6,5
400,30,6,5
320,32,6,3
420,34,6,5
400,31,6,5
320,44,6,3
420,33,6,5
420,38,6,5
460,39,6,7
700,38,6,3
400,44,6,5
340,33,6,3
520,33,6,7
340,35,6,3
520,43,6,7
420,41,6,5
360,43,6,5
380,33,6,5
460,39,6,7
380,43,6,5
400,44,6,5
420,43,6,5
340,33,6,3
400,39,6,5
300,37,6,3
420,40,6,5
460,44,6,5
440,41,6,5
420,38,6,5
300,31,6,3
520,31,6,7
460,35,6,3
440,38,6,5
460,44,6,7
420,41,6,5
400,38,6,5
360,41,6,3
580,39,6,7
380,35,6,3
400,49,6,5
420,35,6,7
480,43,6,5
1000,39,6,11
460,34,6,7
860,35,6,11
440,40,6,7
340,42,6,3
460,40,6,7
420,38,6,5
400,43,6,5
320,44,6,3
420,31,6,5
460,42,6,5
340,41,6,3
880,38,6,11
300,39,6,3
340,39,6,3
8960,45,6,7
720,39,6,5
580,37,6,3
1180,33,6,11
500,41,6,3
740,45,6,7
420,35,6,5
500,34,6,5
420,31,6,3
480,41,6,5
460,27,6,5
380,40,6,5
440,36,6,5
420,39,6,3
420,40,6,5
420,37,6,5
940,47,6,11
420,41,6,5
400,33,6,5
440,45,6,7
400,36,6,5
900,35,6,11
500,40,6,7
480,43,6,7
440,46,6,5
340,39,6,3
1040,51,6,13
380,33,6,3
380,42,6,5
320,40,6,3
420,41,6,5
380,38,6,5
300,43,6,3
700,34,6,11
420,48,6,5
400,39,6,5
360,38,6,5
400,41,6,5
440,31,6,5
480,45,6,7
400,37,6,5
460,39,6,7
640,41,6,11
280,43,6,3
380,35,6,5
680,36,6,11
480,41,6,7
760,45,6,5
1140,43,6,11
520,44,6,7
340,46,6,3
460,39,6,7
480,45,6,5
380,46,6,5
320,47,6,3
400,43,6,5
280,37,6,3
400,39,6,3
320,36,6,3
420,39,6,5
320,47,6,3
1160,44,6,17
380,46,6,5
960,36,6,11
480,46,6,7
360,39,6,3
660,42,6,5
460,52,6,5
400,43,6,5
760,45,6,11
340,34,6,3
820,43,6,11
800,38,6,11
440,40,6,5
420,45,6,5
380,46,6,3
320,45,6,3
660,32,6,11
400,54,6,5
400,43,6,5
460,40,6,7
400,46,6,5
320,37,6,3
300,42,6,3
400,43,6,5
660,40,6,7
300,40,6,3
420,40,6,5
400,41,6,5
640,40,6,7
360,41,6,3
720,44,6,11
460,43,6,5
660,46,6,7
380,36,6,3
1080,44,6,13
460,39,6,5
380,37,6,3
440,37,6,5
400,43,6,5
460,36,6,7
420,44,6,7
380,47,6,5
380,53,6,3
420,40,6,7
460,46,6,5
500,51,6,7
400,43,6,7
360,49,6,3
400,39,6,5
440,45,6,7
480,41,6,3
300,41,6,3
420,44,6,5
540,49,6,7
1120,40,6,11
560,53,6,5
480,44,6,3
360,37,6,3
420,38,6,5
480,45,6,7
740,43,6,11
440,47,6,7
440,38,6,7
420,41,6,5
460,49,6,5
320,48,6,3
700,49,6,11
320,44,6,3
300,44,6,3
460,48,6,5
380,37,6,5
820,41,6,5
740,53,6,5
1060,47,6,11
480,43,6,5
1000,41,6,5
400,48,6,3
560,38,6,3
620,49,6,7
480,44,6,5
380,43,6,5
400,43,6,5
460,46,6,5
29500,43,6,7
380,50,6,5
300,43,6,3
400,43,6,5
460,31,6,7
400,39,6,5
400,43,6,5
600,46,6,3
660,49,6,5
560,47,6,5
500,44,6,3
580,47,6,5
440,49,6,5
500,47,6,5
320,47,6,3
400,41,6,5
780,34,6,11
480,47,6,7
1140,49,6,11
380,41,6,3
320,43,6,3
440,44,6,7
320,40,6,3
380,41,6,5
320,48,6,3
480,41,6,5
920,48,6,3
480,44,6,7
540,42,6,7
440,36,6,5
520,44,6,7
2200,46,6,5
640,47,6,5
600,48,6,5
860,50,6,7
1200,49,6,11
560,43,6,3
440,44,6,3
1240,51,6,11
780,40,6,5
520,60,6,5
660,48,6,7
460,45,6,5
400,46,6,3
440,45,6,3
360,43,6,3
360,43,6,3
720,48,6,11
500,46,6,7
420,50,6,5
420,56,6,3
320,50,6,3
420,40,6,7
280,39,6,3
280,42,6,3
420,45,6,5
260,53,6,3
460,50,6,7
500,43,6,5
440,46,6,7
480,45,6,7
560,45,6,3
720,43,6,7
540,41,6,7
320,46,6,3
300,45,6,3
280,45,6,3
360,53,6,5
300,52,6,3
380,51,6,5
380,46,6,5
780,50,6,11
400,43,6,5
340,38,6,3
740,40,6,11
440,50,6,5
660,43,6,11
360,48,6,3
340,46,6,3
300,47,6,3
560,52,6,7
600,48,6,5
6760,45,6,11
860,59,6,11
660,46,6,5
460,55,6,5
360,49,6,3
380,44,6,5
380,44,6,5
320,49,6,3
380,47,6,5
460,50,6,7
440,56,6,7
320,44,6,3
300,45,6,3
460,43,6,5
520,53,6,5
420,40,6,7
480,43,6,5
560,45,6,5
360,54,6,3
580,49,6,5
420,49,6,5
400,47,6,5
320,45,6,3
440,44,6,7
420,43,6,7
440,47,6,7
400,44,6,5
380,54,6,5
420,42,6,5
420,52,6,7
280,53,6,3
320,47,6,3
280,52,6,3
420,48,6,5
480,49,6,7
520,51,6,7
480,51,6,5
460,47,6,5
600,50,6,7
440,50,6,3
23840,48,6,5
320,53,6,3
440,52,6,5
740,51,6,11
320,52,6,3
460,51,6,5
700,52,6,11
460,49,6,7
300,57,6,3
380,54,6,5
320,53,6,3
500,44,6,5
700,43,6,11
320,49,6,3
380,50,6,5
440,50,6,7
340,51,6,3
440,50,6,3
400,48,6,5
420,53,6,5
320,60,6,3
440,58,6,7
320,51,6,3
400,52,6,5
280,50,6,3
740,52,6,11
420,54,6,5
380,48,6,5
360,55,6,5
400,62,6,5
320,50,6,3
280,56,6,3
400,44,6,3
420,51,6,5
720,56,6,11
300,50,6,3
420,58,6,5
380,59,6,5
300,50,6,3
460,49,6,7
440,55,6,7
400,48,6,5
800,53,6,13
420,47,6,5
440,52,6,7
360,48,6,3
500,57,6,7
340,49,6,5
680,52,6,11
420,39,6,5
420,49,6,7
340,59,6,3
420,57,6,7
340,51,6,3
520,47,6,7
420,57,6,5
320,52,6,3
360,54,6,5
440,57,6,7
420,54,6,5
500,53,6,7
320,62,6,3
300,47,6,3
540,62,6,7
460,47,6,7
420,48,6,7
340,54,6,3
300,48,6,3
460,51,6,7
900,47,6,13
560,46,6,7
360,54,6,3
520,54,6,5
320,48,6,3
540,47,6,7
300,56,6,3
440,43,6,5
740,56,6,13
420,50,6,3
9360,58,6,5
1100,63,6,11
1480,52,6,17
520,55,6,7
420,53,6,5
520,57,6,7
800,49,6,11
500,42,6,5
420,51,6,7
640,54,6,11
440,51,6,5
360,53,6,3
520,49,6,7
660,46,6,5
600,56,6,5
380,49,6,5
340,56,6,3
420,45,6,5
320,67,6,3
300,46,6,3
380,46,6,5
440,47,6,5
380,48,6,5
440,53,6,7
480,52,6,7
400,56,6,7
300,58,6,3
400,53,6,5
620,51,6,5
400,48,6,5
820,57,6,11
34280,57,6,7
340,60,6,3
400,47,6,5
360,60,6,3
360,55,6,3
300,58,6,3
760,54,6,11
500,59,6,7
440,51,6,7
400,45,6,5
420,54,6,5
500,58,6,3
380,53,6,3
400,42,6,3
620,53,6,5
400,50,6,7
440,55,6,7
400,52,6,5
480,45,6,7
400,53,6,7
420,59,6,7
320,58,6,3
740,62,6,11
420,58,6,5
320,67,6,3
440,56,6,7
420,55,6,5
400,49,6,5
320,54,6,3
560,62,6,5
1020,56,6,13
840,50,6,7
540,58,6,5
540,47,6,5
960,61,6,3
480,55,6,7
520,63,6,3
680,56,6,7
440,67,6,5
480,54,6,3
600,49,6,7
680,58,6,5
540,47,6,7
460,51,6,3
480,50,6,5
700,54,6,11
300,59,6,3
460,61,6,5
880,59,6,11
460,59,6,5
520,58,6,7
460,58,6,7
560,62,6,5
500,47,6,7
600,51,6,7
460,61,6,3
300,54,6,3
460,64,6,7
520,67,6,7
480,59,6,7
380,58,6,3
400,59,6,3
500,51,6,5
460,56,6,7
440,65,6,7
460,54,6,5
520,53,6,5
540,65,6,7
400,62,6,5
420,49,6,3
1020,54,6,5
520,51,6,5
680,55,6,3
620,60,6,11
460,57,6,5
660,60,6,7
460,60,6,5
440,50,6,5
420,52,6,7
300,62,6,3
340,50,6,3
480,47,6,7
760,59,6,3
680,71,6,5
460,62,6,5
680,60,6,13
700,57,6,7
440,58,6,7
440,61,6,5
660,64,6,11
560,63,6,11
360,67,6,3
540,55,6,11
320,62,6,3
420,54,6,5
600,65,6,7
660,52,6,7
620,57,6,7
460,54,6,7
440,68,6,5
400,66,6,5
360,65,6,5
400,59,6,5
340,59,6,3
340,57,6,3
580,58,6,7
380,53,6,5
480,62,6,7
500,57,6,5
680,61,6,5
460,60,6,7
460,60,6,5
480,60,6,3
460,60,6,7
400,51,6,5
360,62,6,3
380,59,6,5
380,55,6,5
460,59,6,7
740,70,6,5
500,68,6,7
400,60,6,3
480,58,6,3
560,62,6,3
700,59,6,5
360,64,6,5
420,51,6,5
440,56,6,5
580,58,6,5
420,51,6,5
400,59,6,5
320,58,6,3
540,56,6,5
980,58,6,11
400,60,6,5
380,63,6,5
700,56,6,5
660,66,6,3
580,67,6,11
300,54,6,3
460,64,6,7
440,54,6,5
400,48,6,5
440,65,6,3
580,51,6,5
540,61,6,7
980,59,6,13
420,61,6,3
720,51,6,5
1100,61,6,11
460,49,6,7
320,69,6,3
400,70,6,5
380,59,6,5
260,67,6,3
380,62,6,5
760,54,6,11
440,62,6,5
600,69,6,7
400,58,6,5
440,66,6,5
420,60,6,5
460,57,6,7
320,66,6,3
480,57,6,7
380,64,6,5
360,65,6,5
340,61,6,3
420,64,6,7
380,60,6,5
440,58,6,7
420,56,6,5
400,53,6,5
320,63,6,3
380,54,6,5
560,64,6,13
460,64,6,7
420,56,6,7
340,59,6,3
400,67,6,5
320,61,6,3
280,61,6,3
400,58,6,3
580,57,6,13
440,65,6,7
660,56,6,5
460,72,6,5
420,58,6,5
460,65,6,7
400,66,6,5
360,64,6,5
660,66,6,13
420,68,6,5
480,65,6,7
400,57,6,5
480,61,6,13
300,67,6,3
340,62,6,3
440,58,6,7
540,69,6,11
300,66,6,3
280,54,6,3
500,58,6,11
420,78,6,7
400,63,6,5
360,64,6,5
300,57,6,3
400,59,6,5
300,52,6,3
300,54,6,3
420,63,6,7
460,53,6,3
420,69,6,7
500,53,6,5
500,70,6,7
520,57,6,3
480,58,6,7
460,61,6,5
540,54,6,7
340,64,6,3
380,71,6,5
380,62,6,5
320,60,6,3
700,70,6,5
580,66,6,7
560,64,6,11
480,71,6,11
380,63,6,3
600,69,6,11
420,67,6,5
480,59,6,7
460,60,6,7
380,60,6,5
340,67,6,3
480,60,6,3
420,65,6,5
440,74,6,5
300,69,6,3
380,64,6,5
540,57,6,11
440,67,6,5
500,59,6,5
400,67,6,7
300,71,6,3
300,55,6,3
420,63,6,5
440,61,6,7
520,70,6,3
420,67,6,7
420,50,6,7
380,60,6,3
600,64,6,5
940,64,6,7
420,74,6,5
340,69,6,3
500,69,6,7
480,67,6,7
520,70,6,5
400,63,6,5
340,66,6,3
560,69,6,11
320,55,6,3
520,63,6,11
460,62,6,7
420,69,6,5
1040,63,6,5
360,71,6,3
340,58,6,3
460,69,6,5
500,62,6,5
540,58,6,7
380,61,6,3
340,60,6,3
420,55,6,5
480,64,6,5
440,71,6,5
400,61,6,5
480,58,6,7
380,68,6,5
400,54,6,5
520,60,6,3
460,65,6,5
320,72,6,3
380,59,6,5
500,68,6,5
460,67,6,5
420,68,6,5
520,71,6,7
580,68,6,11
620,68,6,5
440,65,6,5
480,67,6,5
480,76,6,7
480,79,6,7
440,62,6,7
440,53,6,5
520,67,6,11
400,62,6,5
480,74,6,7
360,62,6,3
420,63,6,5
460,65,6,7
480,69,6,7
420,58,6,3
300,61,6,3
400,69,6,5
440,61,6,5
440,57,6,5
440,64,6,7
380,67,6,5
320,61,6,3
400,70,6,5
320,65,6,3
400,64,6,7
340,67,6,3
320,77,6,3
320,71,6,3
380,68,6,5
540,66,6,11
300,67,6,3
480,62,6,7
440,70,6,7
400,63,6,5
400,69,6,5
380,78,6,5
660,72,6,5
540,67,6,7
1160,64,6,11
660,77,6,5
440,61,6,5
400,66,6,5
400,61,6,5
460,62,6,7
480,66,6,7
540,60,6,11
500,68,6,7
400,69,6,5
440,70,6,7
320,73,6,3
460,65,6,7
420,61,6,5
480,72,6,7
460,64,6,7
420,73,6,5
400,69,6,5
320,67,6,3
400,68,6,5
380,68,6,3
440,66,6,5
420,81,6,5
440,76,6,7
400,66,6,5
460,77,6,7
400,67,6,5
320,68,6,3
400,67,6,5
580,72,6,11
400,74,6,5
300,65,6,3
280,69,6,3
400,66,6,5
400,69,6,5
460,67,6,7
440,69,6,5
340,69,6,3
440,63,6,7
580,70,6,13
460,64,6,5
440,64,6,5
360,70,6,5
400,69,6,5
440,73,6,7
420,71,6,5
340,60,6,3
380,73,6,5
400,73,6,5
440,69,6,7
460,64,6,7
420,79,6,5
540,75,6,11
420,73,6,7
380,74,6,5
420,72,6,7
400,59,6,5
420,68,6,5
400,63,6,5
380,69,6,5
320,74,6,3
260,67,6,3
400,66,6,5
400,69,6,5
420,74,6,7
420,69,6,7
400,79,6,5
340,74,6,3
400,73,6,5
420,83,6,5
420,59,6,5
360,81,6,5
400,66,6,5
440,75,6,7
540,66,6,13
340,69,6,3
420,77,6,5
320,77,6,3
300,62,6,3
420,67,6,5
580,78,6,11
580,72,6,13
480,70,6,7
320,70,6,3
460,82,6,5
460,67,6,5
420,80,6,5
320,66,6,3
420,90,6,5
360,77,6,5
320,72,6,3
300,79,6,3
580,73,6,11
300,84,6,3
420,68,6,5
380,72,6,5
400,72,6,5
520,72,6,7
420,76,6,7
460,69,6,7
420,74,6,5
460,77,6,3
540,75,6,5
300,68,6,3
440,75,6,5
340,80,6,3
420,69,6,5
480,71,6,7
400,84,6,7
480,65,6,5
420,70,6,5
420,67,6,5
440,72,6,7
600,72,6,11
400,72,6,5
340,73,6,3
320,77,6,3
420,68,6,5
400,70,6,3
340,67,6,3
420,65,6,5
420,77,6,7
300,73,6,3
820,70,6,7
460,68,6,5
460,75,6,5
320,68,6,3
340,73,6,3
320,76,6,3
420,71,6,5
320,80,6,3
500,80,6,7
320,69,6,3
740,78,6,11
460,80,6,7
480,80,6,5
460,72,6,5
360,77,6,3
580,70,6,11
480,81,6,7
400,80,6,5
400,81,6,5
400,78,6,5
400,72,6,5
820,85,6,7
640,83,6,11
480,76,6,5
560,72,6,11
440,71,6,7
360,78,6,3
360,71,6,3
520,79,6,7
420,81,6,5
480,76,6,7
660,72,6,5
420,71,6,3
420,80,6,5
600,76,6,11
400,79,6,5
400,77,6,5
300,76,6,3
320,86,6,3
540,82,6,5
560,81,6,5
660,82,6,11
540,73,6,5
600,80,6,11
440,71,6,5
440,73,6,5
400,79,6,5
440,74,6,7
340,75,6,3
420,64,6,5
600,65,6,7
580,63,6,7
440,74,6,5
420,80,6,3
360,86,6,3
440,74,6,5
400,64,6,5
420,72,6,5
420,70,6,5
460,75,6,5
540,86,6,5
540,81,6,3
480,78,6,7
420,75,6,7
460,85,6,7
360,74,6,3
440,77,6,5
640,79,6,5
400,65,6,5
640,74,6,7
520,77,6,3
360,77,6,3
1060,73,6,5
400,74,6,5
460,77,6,5
460,82,6,5
500,76,6,7
440,70,6,7
340,83,6,3
520,78,6,7
560,69,6,7
500,84,6,7
680,78,6,5
420,81,6,5
340,83,6,3
440,77,6,5
420,72,6,5
340,93,6,3
400,76,6,5
560,76,6,7
460,76,6,3
340,69,6,3
440,74,6,5
360,71,6,3
300,77,6,3
460,75,6,7
460,76,6,7
480,74,6,7
540,89,6,11
840,63,6,7
640,83,6,11
580,69,6,5
620,75,6,11
440,79,6,5
440,79,6,7
340,74,6,3
420,77,6,5
440,80,6,7
540,72,6,13
740,79,6,5
400,83,6,3
480,87,6,7
440,81,6,5
480,73,6,5
500,75,6,7
420,82,6,5
400,78,6,5
360,84,6,3
620,85,6,7
400,86,6,3
560,81,6,7
460,85,6,5
460,71,6,5
420,72,6,5
400,89,6,5
540,69,6,7
460,78,6,7
820,81,6,11
480,76,6,5
380,80,6,3
440,70,6,7
540,81,6,5
420,78,6,5
440,78,6,7
320,89,6,3
560,82,6,11
380,82,6,5
640,78,6,11
700,73,6,7
380,83,6,3
300,84,6,3
320,81,6,3
420,74,6,5
340,74,6,3
420,85,6,5
320,75,6,3
440,73,6,7
360,74,6,3
1000,71,6,11
480,79,6,5
500,68,6,3
620,71,6,11
500,79,6,7
440,85,6,5
440,84,6,7
400,83,6,5
340,88,6,3
680,80,6,11
560,84,6,5
580,77,6,11
340,83,6,3
400,82,6,5
520,82,6,7
460,81,6,5
400,84,6,5
380,82,6,5
660,75,6,5
360,80,6,3
520,69,6,5
380,81,6,5
440,73,6,5
320,89,6,3
420,71,6,5
320,70,6,3
620,85,6,11
360,82,6,3
680,76,6,5
580,91,6,5
320,86,6,3
360,83,6,5
400,76,6,5
500,74,6,7
320,82,6,3
620,78,6,11
480,73,6,5
500,88,6,5
440,83,6,5
400,77,6,5
380,93,6,5
560,79,6,5
440,78,6,7
340,97,6,3
400,73,6,5
340,74,6,3
500,77,6,7
720,85,6,7
380,76,6,5
440,76,6,5
560,72,6,11
460,85,6,7
560,72,6,11
400,77,6,5
540,74,6,11
340,88,6,3
580,94,6,7
740,92,6,7
380,82,6,3
440,62,6,5
400,79,6,5
420,80,6,5
480,77,6,5
400,87,6,5
620,74,6,5
460,94,6,3
300,76,6,3
340,68,6,3
440,84,6,5
480,81,6,3
360,79,6,3
460,84,6,7
460,82,6,5
420,76,6,3
560,87,6,3
360,88,6,3
480,78,6,5
440,81,6,5
420,84,6,5
520,76,6,7
520,89,6,5
500,79,6,7
520,81,6,3
500,87,6,5
360,76,6,3
760,76,6,13
580,86,6,11
520,84,6,7
660,78,6,3
740,87,6,13
560,79,6,7
540,84,6,7
600,77,6,7
320,87,6,3
460,80,6,5
380,79,6,5
480,79,6,5
640,73,6,5
340,78,6,3
540,79,6,3
500,86,6,5
620,76,6,11
520,84,6,5
600,83,6,11
680,89,6,7
720,91,6,5
480,104,6,5
460,78,6,5
460,83,6,5
400,77,6,5
380,58,6,5
560,91,6,11
500,68,6,5
480,96,6,7
740,86,6,11
600,82,6,11
440,79,6,5
560,97,6,7
400,90,6,5
320,85,6,3
480,92,6,5
440,86,6,5
420,94,6,5
480,83,6,7
540,86,6,11
320,82,6,3
340,91,6,3
440,90,6,5
580,91,6,7
580,79,6,5
420,78,6,7
440,84,6,5
380,83,6,5
340,80,6,3
460,78,6,7
360,76,6,3
360,78,6,3
520,78,6,7
420,90,6,5
340,88,6,3
540,96,6,11
420,76,6,5
460,79,6,7
480,89,6,7
340,86,6,3
420,83,6,5
420,85,6,5
320,88,6,3
300,94,6,3
440,89,6,7
380,84,6,5
420,88,6,7
360,78,6,3
440,80,6,5
420,84,6,5
340,91,6,3
420,82,6,5
540,82,6,11
580,92,6,5
560,82,6,7
480,93,6,3
340,83,6,5
440,94,6,5
300,86,6,3
440,82,6,5
400,80,6,7
400,90,6,5
480,92,6,3
460,87,6,5
340,79,6,3
460,94,6,5
480,85,6,7
480,85,6,7
420,81,6,5
380,80,6,5
400,89,6,5
400,94,6,3
420,103,6,5
420,94,6,5
380,85,6,5
300,95,6,3
440,89,6,5
420,84,6,5
540,73,6,7
500,79,6,7
440,88,6,7
500,93,6,5
320,90,6,3
420,88,6,5
820,86,6,17
540,89,6,11
420,86,6,3
460,83,6,5
480,82,6,7
440,80,6,7
440,86,6,5
440,87,6,7
420,95,6,5
540,79,6,5
480,90,6,7
480,92,6,7
440,100,6,7
300,94,6,3
480,87,6,5
400,86,6,5
400,92,6,5
780,89,6,5
420,82,6,5
340,86,6,3
420,93,6,5
460,93,6,5
460,96,6,7
480,84,6,3
440,95,6,3
500,85,6,7
500,96,6,7
520,92,6,7
600,87,6,11
460,99,6,5
560,84,6,11
320,87,6,3
400,75,6,3
480,95,6,5
400,97,6,5
460,92,6,5
580,86,6,11
540,97,6,11
320,81,6,3
540,95,6,5
660,97,6,11
620,92,6,11
460,88,6,5
520,80,6,11
480,103,6,5
280,81,6,3
580,92,6,11
580,81,6,7
480,88,6,5
360,83,6,5
420,77,6,5
460,87,6,5
340,90,6,3
420,92,6,7
360,83,6,3
1520,98,6,7
360,76,6,3
460,92,6,7
440,81,6,7
400,89,6,5
400,84,6,5
580,91,6,11
440,88,6,5
420,83,6,5
380,89,6,5
320,96,6,3
280,97,6,3
400,75,6,5
380,83,6,5
480,88,6,5
720,83,6,7
400,98,6,3
360,83,6,3
460,91,6,7
420,96,6,7
340,100,6,3
440,81,6,5
660,90,6,13
500,93,6,5
560,87,6,11
320,92,6,3
300,87,6,3
400,95,6,5
500,83,6,7
380,98,6,3
340,90,6,3
460,84,6,5
380,89,6,5
400,95,6,5
440,89,6,7
460,77,6,5
600,98,6,5
460,82,6,5
440,88,6,7
420,93,6,7
400,90,6,7
460,87,6,5
380,89,6,5
600,84,6,11
360,92,6,3
460,90,6,7
440,96,6,7
400,95,6,5
320,86,6,3
400,91,6,5
380,84,6,5
500,92,6,7
460,92,6,7
500,91,6,7
460,91,6,5
400,96,6,3
320,79,6,3
320,90,6,3
360,91,6,3
380,90,6,3
360,101,6,5
480,92,6,5
440,107,6,7
300,92,6,3
300,86,6,3
460,104,6,7
440,85,6,5
420,94,6,7
400,89,6,7
420,82,6,5
320,94,6,3
420,92,6,5
400,98,6,5
320,91,6,3
400,94,6,5
420,108,6,5
580,99,6,11
420,93,6,5
300,87,6,3
420,90,6,5
300,97,6,3
500,99,6,3
480,94,6,5
420,103,6,5
480,95,6,7
300,97,6,3
420,93,6,5
420,99,6,5
500,95,6,3
520,89,6,3
440,92,6,5
300,91,6,3
400,87,6,7
480,94,6,7
400,83,6,5
460,99,6,3
520,85,6,5
460,99,6,7
300,94,6,3
540,95,6,7
300,85,6,3
400,98,6,5
580,87,6,7
560,97,6,7
460,96,6,7
440,100,6,5
500,84,6,7
480,91,6,7
340,94,6,3
540,78,6,5
500,97,6,3
460,94,6,7
540,96,6,7
460,94,6,7
360,87,6,3
420,108,6,5
440,88,6,3
580,87,6,7
600,87,6,11
500,103,6,7
440,97,6,7
440,96,6,5
420,96,6,5
820,88,6,5
420,95,6,3
440,101,6,5
580,91,6,13
420,79,6,5
600,93,6,13
380,95,6,5
480,95,6,5
480,86,6,5
420,93,6,5
580,102,6,11
440,93,6,5
640,93,6,11
480,88,6,5
580,87,6,7
480,101,6,5
320,95,6,3
560,101,6,11
420,95,6,5
340,86,6,3
440,99,6,7
500,86,6,5
360,99,6,3
600,102,6,7
420,93,6,5
540,94,6,13
380,90,6,3
560,100,6,11
380,99,6,3
420,85,6,5
680,94,6,11
340,87,6,3
320,107,6,3
460,97,6,5
320,89,6,3
460,92,6,5
480,100,6,5
500,99,6,5
540,101,6,5
580,98,6,11
460,94,6,7
420,88,6,5
560,100,6,5
460,99,6,5
400,96,6,5
400,88,6,5
420,105,6,5
400,87,6,5
480,90,6,3
480,87,6,5
520,98,6,7
420,98,6,7
320,103,6,3
460,99,6,7
440,96,6,7
380,104,6,5
560,95,6,3
500,102,6,7
400,92,6,5
440,111,6,5
380,94,6,5
300,89,6,3
340,103,6,3
400,114,6,5
760,97,6,7
460,91,6,7
440,90,6,5
360,85,6,3
440,95,6,5
600,94,6,11
460,107,6,7
480,98,6,3
500,104,6,7
460,106,6,5
360,101,6,5
320,102,6,3
380,96,6,5
360,95,6,3
480,93,6,7
460,99,6,3
500,104,6,5
320,101,6,3
440,110,6,5
540,106,6,5
460,93,6,7
420,101,6,5
320,92,6,3
420,101,6,5
740,103,6,11
460,99,6,3
520,97,6,5
480,91,6,5
420,99,6,5
360,107,6,5
360,97,6,3
300,98,6,3
300,98,6,3
420,102,6,5
580,96,6,11
480,95,6,7
340,100,6,3
420,87,6,5
640,97,6,7
340,96,6,3
480,108,6,7
380,104,6,5
400,91,6,5
300,105,6,3
620,107,6,5
300,84,6,3
440,100,6,7
400,93,6,3
560,95,6,7
360,98,6,3
540,89,6,5
480,91,6,5
380,111,6,5
380,94,6,5
420,111,6,5
340,99,6,3
420,97,6,5
540,85,6,7
420,106,6,5
640,104,6,11
340,109,6,3
360,100,6,3
420,102,6,3
560,106,6,5
500,102,6,7
360,100,6,3
420,98,6,5
440,104,6,7
560,93,6,11
360,103,6,3
520,100,6,5
480,102,6,5
320,99,6,3
320,98,6,3
340,104,6,3
460,98,6,3
320,101,6,3
460,105,6,7
460,98,6,7
320,95,6,3
440,103,6,7
460,90,6,3
440,94,6,7
420,110,6,7
340,106,6,3
440,98,6,5
360,102,6,3
580,111,6,5
440,100,6,5
440,108,6,7
580,93,6,11
480,95,6,7
560,106,6,7
480,94,6,3
680,104,6,11
300,98,6,3
460,99,6,5
480,109,6,7
420,77,6,5
640,109,6,5
520,102,6,7
400,96,6,5
300,109,6,3
400,97,6,5
480,108,6,5
540,103,6,5
400,102,6,5
400,99,6,5
340,105,6,3
440,95,6,7
420,90,6,5
600,89,6,7
440,99,6,5
360,95,6,3
280,84,6,3
600,103,6,5
520,108,6,5
520,104,6,5
540,101,6,7
400,95,6,5
440,105,6,7
460,101,6,5
560,101,6,11
340,101,6,3
440,106,6,5
440,111,6,5
400,108,6,5
440,106,6,7
440,111,6,5
380,97,6,3
460,104,6,7
420,99,6,5
440,108,6,5
420,102,6,7
460,109,6,5
440,99,6,3
460,94,6,7
420,94,6,5
660,107,6,13
320,96,6,3
420,98,6,5
440,95,6,5
360,97,6,5
360,105,6,5
420,100,6,7
300,95,6,3
380,96,6,3
340,105,6,3
380,119,6,5
380,110,6,5
460,111,6,7
460,106,6,7
380,107,6,3
340,103,6,3
440,104,6,7
320,122,6,3
400,116,6,5
400,108,6,5
500,93,6,11
440,102,6,5
580,104,6,5
520,100,6,7
440,111,6,5
400,111,6,5
600,99,6,7
720,105,6,11
320,102,6,3
740,113,6,5
440,92,6,5
460,105,6,5
460,96,6,5
320,107,6,3
420,90,6,5
440,93,6,5
400,101,6,5
480,105,6,7
420,99,6,5
420,95,6,7
320,101,6,3
460,108,6,5
580,106,6,11
400,99,6,5
520,118,6,3
460,102,6,7
420,107,6,5
440,104,6,5
340,101,6,3
320,93,6,3
580,120,6,5
420,110,6,5
340,98,6,3
440,96,6,5
340,102,6,3
500,107,6,7
520,94,6,5
560,101,6,11
460,103,6,7
440,105,6,5
340,97,6,3
300,100,6,3
300,98,6,3
400,104,6,7
440,115,6,7
320,104,6,3
380,101,6,3
520,103,6,5
520,117,6,7
480,104,6,5
400,97,6,5
380,108,6,5
540,104,6,7
480,86,6,7
560,111,6,5
320,109,6,3
480,102,6,7
560,114,6,11
480,91,6,7
420,106,6,5
320,104,6,3
600,122,6,11
400,110,6,5
320,112,6,3
480,114,6,7
420,99,6,5
320,104,6,3
420,95,6,5
500,118,6,5
360,101,6,3
480,109,6,5
420,109,6,5
460,109,6,7
460,106,6,5
460,114,6,7
320,106,6,3
460,104,6,5
600,102,6,11
420,110,6,7
360,110,6,3
280,107,6,3
440,113,6,5
460,107,6,5
480,108,6,5
420,103,6,5
320,113,6,3
380,122,6,5
440,109,6,7
440,98,6,5
520,111,6,5
340,97,6,3
300,99,6,3
420,106,6,5
560,117,6,5
460,114,6,3
340,113,6,3
560,104,6,11
320,113,6,3
520,112,6,3
520,116,6,5
440,99,6,7
480,116,6,5
360,112,6,3
320,106,6,3
560,109,6,7
560,119,6,13
400,122,6,5
420,107,6,7
320,110,6,3
620,109,6,5
360,113,6,3
440,96,6,7
860,121,6,17
500,113,6,7
360,115,6,3
540,109,6,5
420,114,6,5
480,113,6,7
320,104,6,3
420,109,6,3
520,96,6,7
520,113,6,5
420,108,6,5
320,110,6,3
400,114,6,5
420,108,6,3
380,113,6,3
460,110,6,7
440,99,6,7
480,103,6,7
460,109,6,5
560,106,6,7
540,116,6,5
340,112,6,3
560,112,6,11
440,109,6,5
380,111,6,3
520,123,6,5
500,102,6,5
460,108,6,7
320,100,6,3
520,107,6,5
540,109,6,7
440,110,6,5
300,120,6,3
480,93,6,7
420,98,6,5
460,113,6,5
500,120,6,7
500,117,6,5
380,94,6,3
440,112,6,5
540,103,6,7
380,121,6,3
300,115,6,3
300,104,6,3
500,120,6,5
480,106,6,5
620,107,6,7
340,112,6,3
500,108,6,5
300,104,6,3
300,105,6,3
480,107,6,5
600,111,6,11
300,112,6,3
440,118,6,7
420,106,6,7
580,112,6,11
380,121,6,3
620,111,6,7
420,116,6,5
560,113,6,11
440,102,6,5
620,110,6,5
340,106,6,3
340,118,6,3
280,94,6,3
440,111,6,7
380,104,6,3
520,111,6,7
500,113,6,5
400,110,6,5
400,109,6,5
440,114,6,5
520,117,6,7
440,123,6,7
440,119,6,5
380,121,6,5
440,112,6,5
640,112,6,7
520,124,6,7
480,107,6,5
480,106,6,7
420,108,6,7
420,99,6,7
600,122,6,5
320,110,6,3
320,108,6,3
560,98,6,13
320,103,6,3
320,111,6,3
500,109,6,7
400,98,6,5
400,109,6,5
360,102,6,3
420,119,6,5
360,109,6,5
380,107,6,5
460,124,6,7
540,110,6,7
560,110,6,11
420,118,6,3
500,116,6,5
420,118,6,5
300,113,6,3
500,120,6,7
500,116,6,5
740,96,6,11
400,104,6,5
480,110,6,7
580,108,6,11
420,124,6,7
520,105,6,5
440,101,6,5
460,117,6,7
440,108,6,5
620,123,6,11
580,119,6,5
500,104,6,7
280,108,6,3
480,111,6,5
360,120,6,3
580,107,6,5
480,106,6,5
360,107,6,3
480,144,6,5
460,95,6,7
480,128,6,7
440,132,6,5
440,114,6,5
460,105,6,7
360,107,6,3
620,102,6,5
620,100,6,11
520,113,6,5
600,118,6,7
900,119,6,7
600,111,6,7
340,124,6,3
340,117,6,3
660,105,6,5
520,116,6,5
460,102,6,7
440,124,6,5
420,105,6,3
440,107,6,3
500,120,6,7
600,113,6,11
500,121,6,7
520,118,6,7
480,110,6,5
500,106,6,7
500,118,6,5
580,107,6,7
620,127,6,11
620,115,6,7
640,118,6,11
480,117,6,7
480,126,6,5
380,107,6,3
520,119,6,7
600,109,6,11
500,127,6,7
340,113,6,3
420,118,6,3
600,103,6,13
320,108,6,3
420,116,6,5
440,119,6,5
560,119,6,11
440,114,6,5
560,117,6,11
540,113,6,11
480,108,6,7
360,126,6,3
420,117,6,7
500,116,6,7
460,112,6,7
480,121,6,7
420,138,6,7
340,113,6,3
480,119,6,7
460,114,6,5
400,121,6,5
600,125,6,11
460,115,6,5
440,131,6,5
600,111,6,11
320,93,6,3
440,113,6,7
480,122,6,7
300,113,6,3
440,116,6,5
440,103,6,5
300,119,6,3
320,123,6,3
560,116,6,13
480,116,6,5
560,121,6,11
440,114,6,5
540,102,6,5
420,104,6,5
780,126,6,5
660,117,6,7
560,112,6,7
460,117,6,7
500,108,6,5
360,118,6,3
300,116,6,3
460,117,6,5
440,119,6,5
400,117,6,3
420,117,6,3
460,119,6,5
440,115,6,5
420,114,6,5
400,134,6,5
440,109,6,7
300,114,6,3
600,111,6,5
580,119,6,7
460,104,6,7
380,121,6,3
360,121,6,5
620,120,6,11
380,125,6,3
460,112,6,5
480,120,6,7
440,115,6,5
600,115,6,11
520,120,6,7
420,113,6,5
360,112,6,3
560,113,6,5
580,116,6,7
700,122,6,11
440,136,6,5
400,114,6,5
400,116,6,3
560,129,6,5
440,134,6,3
480,110,6,7
620,114,6,3
360,116,6,3
440,123,6,5
500,128,6,7
620,119,6,5
460,123,6,3
420,121,6,3
460,116,6,5
520,122,6,5
700,103,6,5
600,113,6,3
740,138,6,5
880,126,6,5
500,107,6,5
340,123,6,3
600,123,6,5
680,123,6,11
540,127,6,3
440,114,6,7
640,110,6,11
380,128,6,3
320,122,6,3
320,105,6,3
460,135,6,5
900,110,6,5
400,133,6,3
560,110,6,5
540,113,6,7
420,125,6,7
320,113,6,3
440,117,6,5
440,118,6,5
1300,112,6,3
1020,124,6,7
960,106,6,5
740,122,6,3
800,112,6,3
780,105,6,3
1060,113,6,5
1020,107,6,7
760,125,6,5
940,125,6,7
480,112,6,5
1320,119,6,3
920,119,6,7
780,122,6,5
880,127,6,7
740,123,6,5
680,116,6,3
900,110,6,7
1000,121,6,5
1040,116,6,3
1100,117,6,3
800,127,6,7
460,136,6,5
340,132,6,3
420,135,6,5
460,127,6,7
600,122,6,11
640,123,6,7
520,114,6,5
540,133,6,3
580,122,6,5
560,125,6,7
620,123,6,3
900,116,6,7
880,126,6,11
980,114,6,5
740,120,6,7
500,116,6,3
1000,125,6,7
520,122,6,7
420,110,6,5
460,116,6,5
300,113,6,3
480,139,6,7
400,113,6,5
420,130,6,5
360,109,6,3
460,109,6,7
360,127,6,3
460,121,6,7
460,131,6,5
420,119,6,5
460,130,6,7
320,123,6,3
600,122,6,11
420,117,6,3
600,137,6,13
420,125,6,5
420,136,6,5
540,127,6,5
420,132,6,7
400,119,6,5
580,122,6,11
600,124,6,13
340,106,6,3
480,100,6,7
320,112,6,3
360,135,6,3
360,126,6,3
420,133,6,5
560,124,6,11
580,126,6,11
540,124,6,5
400,123,6,5
440,132,6,5
440,113,6,5
440,122,6,5
460,119,6,7
460,125,6,5
360,111,6,3
440,121,6,5
340,133,6,3
440,121,6,5
440,117,6,5
500,119,6,5
300,133,6,3
360,133,6,3
300,113,6,3
460,123,6,7
300,123,6,3
460,131,6,5
480,118,6,7
540,129,6,7
500,127,6,7
540,120,6,5
480,120,6,7
560,121,6,11
300,134,6,3
620,119,6,7
600,126,6,11
360,129,6,3
420,120,6,5
520,110,6,5
440,133,6,5
360,104,6,3
420,131,6,5
440,127,6,5
400,118,6,5
440,117,6,5
360,139,6,3
500,130,6,5
580,119,6,5
500,132,6,7
340,124,6,3
600,112,6,7
500,117,6,7
440,125,6,5
380,119,6,5
1120,126,6,3
640,138,6,7
820,122,6,13
560,117,6,5
580,119,6,7
680,129,6,7
520,127,6,5
320,127,6,3
400,128,6,3
680,135,6,11
620,129,6,5
520,138,6,7
520,124,6,5
560,121,6,5
460,127,6,5
480,128,6,7
680,127,6,3
600,125,6,5
600,138,6,7
380,126,6,3
440,129,6,3
480,126,6,3
580,122,6,7
500,123,6,5
420,127,6,3
620,124,6,3
540,126,6,5
580,128,6,5
900,132,6,5
800,138,6,5
560,134,6,5
440,127,6,5
580,130,6,5
500,121,6,3
660,132,6,7
480,129,6,3
580,131,6,7
380,122,6,3
520,134,6,5
540,126,6,3
740,123,6,11
600,133,6,7
580,115,6,5
1100,114,6,19
540,127,6,5
320,126,6,3
360,129,6,3
700,138,6,7
420,119,6,3
400,120,6,3
520,136,6,5
460,131,6,3
500,129,6,5
400,121,6,3
360,120,6,3
420,134,6,3
500,119,6,7
460,111,6,5
660,125,6,7
460,125,6,3
640,128,6,7
480,135,6,5
460,130,6,5
520,118,6,3
660,122,6,11
680,133,6,3
620,111,6,13
520,142,6,7
680,130,6,11
480,127,6,5
660,137,6,11
420,140,6,3
520,132,6,5
460,141,6,7
400,133,6,3
560,123,6,5
460,142,6,5
480,136,6,7
560,128,6,13
660,131,6,11
460,132,6,5
440,119,6,7
300,140,6,3
520,129,6,5
500,128,6,7
440,123,6,7
320,129,6,3
400,128,6,3
480,113,6,3
540,131,6,5
620,133,6,11
540,121,6,5
400,122,6,3
360,128,6,3
440,112,6,7
560,132,6,5
740,128,6,11
520,124,6,7
440,125,6,5
420,147,6,7
480,126,6,7
620,144,6,11
440,133,6,5
420,128,6,7
700,136,6,5
440,127,6,3
480,131,6,7
480,133,6,7
500,131,6,5
600,140,6,11
620,129,6,11
440,125,6,5
680,135,6,11
520,124,6,5
460,134,6,5
440,125,6,7
380,110,6,3
560,120,6,5
480,138,6,5
580,132,6,7
540,130,6,7
540,139,6,5
400,128,6,3
580,126,6,5
560,131,6,5
680,130,6,11
460,122,6,7
400,139,6,3
460,124,6,7
480,127,6,7
500,125,6,5
520,129,6,5
520,128,6,3
480,131,6,5
540,124,6,7
560,135,6,7
360,133,6,3
340,135,6,3
620,136,6,7
440,132,6,5
520,126,6,5
380,139,6,3
400,134,6,3
440,137,6,5
440,123,6,3
420,131,6,3
540,137,6,5
21740,120,6,7
320,150,6,3
620,136,6,5
520,132,6,7
600,128,6,11
500,125,6,5
600,141,6,7
500,133,6,7
480,133,6,7
600,129,6,5
460,116,6,5
440,135,6,5
580,122,6,7
560,127,6,7
440,106,6,5
600,128,6,7
520,141,6,7
380,136,6,3
440,120,6,3
980,146,6,11
500,130,6,5
680,129,6,3
620,135,6,11
460,140,6,3
480,130,6,5
320,135,6,3
500,131,6,5
600,134,6,7
480,122,6,5
440,132,6,7
620,134,6,7
680,136,6,3
420,136,6,3
320,137,6,3
540,134,6,3
540,114,6,3
620,143,6,11
600,126,6,5
440,128,6,3
320,138,6,3
720,111,6,7
980,134,6,5
920,136,6,5
5840,140,6,5
620,119,6,5
360,129,6,3
500,133,6,7
5760,138,6,5
400,125,6,3
560,135,6,11
720,138,6,11
500,129,6,5
520,141,6,7
520,129,6,3
540,136,6,7
440,124,6,5
580,138,6,11
680,123,6,5
560,125,6,7
340,146,6,3
700,117,6,11
560,137,6,5
480,137,6,7
580,141,6,5
400,130,6,3
780,128,6,11
460,138,6,7
380,141,6,3
540,144,6,5
500,138,6,5
400,133,6,5
740,130,6,5
480,134,6,5
420,137,6,5
440,134,6,5
440,138,6,3
600,143,6,5
560,118,6,3
620,116,6,5
560,144,6,5
580,133,6,11
780,147,6,11
500,121,6,3
600,139,6,11
520,149,6,5
560,129,6,5
460,133,6,7
320,142,6,3
440,134,6,3
480,130,6,3
980,144,6,11
1080,136,6,5
900,138,6,5
860,143,6,3
760,129,6,3
1360,125,6,11
820,136,6,3
960,134,6,7
880,143,6,3
500,134,6,5
980,138,6,3
580,148,6,3
660,126,6,5
700,129,6,7
520,141,6,7
660,126,6,5
520,152,6,5
400,127,6,3
700,123,6,5
820,135,6,5
740,138,6,7
580,124,6,5
1060,142,6,5
780,142,6,11
420,124,6,5
460,137,6,5
500,128,6,5
480,139,6,7
300,132,6,3
600,135,6,13
440,158,6,5
500,138,6,5
440,157,6,5
320,135,6,3
480,135,6,7
700,140,6,11
540,135,6,11
440,142,6,7
320,137,6,3
460,137,6,7
320,131,6,3
560,121,6,11
320,142,6,3
320,129,6,3
400,131,6,7
460,137,6,7
600,132,6,11
580,127,6,11
420,136,6,5
420,139,6,7
640,142,6,11
460,131,6,7
460,148,6,5
440,140,6,5
320,133,6,3
540,133,6,5
940,140,6,7
520,142,6,5
440,142,6,5
600,130,6,7
480,136,6,3
540,146,6,13
460,145,6,5
520,124,6,5
380,135,6,5
420,141,6,5
440,147,6,5
660,127,6,11
340,133,6,3
420,126,6,5
480,146,6,7
420,127,6,7
420,136,6,5
440,125,6,7
380,146,6,3
280,134,6,3
420,143,6,5
340,144,6,5
380,134,6,5
520,138,6,5
280,143,6,3
440,132,6,5
440,128,6,7
440,136,6,5
540,145,6,7
560,123,6,5
440,146,6,5
620,146,6,5
360,144,6,3
420,129,6,5
580,136,6,5
580,159,6,11
340,142,6,3
460,146,6,5
520,144,6,5
420,134,6,5
500,142,6,5
540,137,6,5
500,139,6,5
340,146,6,3
480,142,6,7
340,133,6,3
340,137,6,3
340,139,6,3
320,128,6,3
420,129,6,5
600,134,6,5
600,133,6,3
520,133,6,7
440,131,6,5
780,136,6,11
300,148,6,3
520,144,6,5
580,132,6,5
480,138,6,5
460,140,6,5
480,136,6,5
620,153,6,5
360,148,6,3
340,142,6,3
660,145,6,7
460,137,6,5
480,144,6,5
5400,141,6,11
400,141,6,3
500,146,6,5
480,143,6,5
440,136,6,3
380,128,6,3
440,139,6,7
660,128,6,7
480,148,6,5
440,147,6,5
820,147,6,5
700,133,6,5
380,139,6,3
660,139,6,7
600,145,6,5
380,125,6,3
340,130,6,3
580,137,6,7
520,136,6,3
460,132,6,5
460,135,6,3
520,140,6,3
440,146,6,7
460,152,6,3
620,142,6,5
540,153,6,5
640,142,6,11
600,133,6,5
360,128,6,3
460,139,6,5
620,125,6,5
600,126,6,5
360,129,6,3
540,138,6,7
680,134,6,7
500,143,6,5
560,145,6,11
560,126,6,7
600,137,6,11
400,156,6,5
440,131,6,5
520,151,6,3
440,139,6,5
440,147,6,7
500,133,6,5
480,139,6,5
520,149,6,5
580,147,6,7
620,146,6,3
380,136,6,3
540,152,6,5
460,144,6,3
760,141,6,13
540,153,6,5
580,143,6,7
440,125,6,7
460,158,6,7
580,145,6,3
340,148,6,3
320,132,6,3
480,144,6,3
720,152,6,7
620,154,6,11
540,150,6,5
580,146,6,5
600,144,6,13
480,144,6,5
720,134,6,5
620,140,6,11
380,139,6,3
720,129,6,5
580,157,6,7
360,135,6,3
720,136,6,7
480,146,6,7
460,151,6,5
780,142,6,5
460,136,6,7
500,142,6,5
560,145,6,5
380,150,6,3
320,138,6,3
920,138,6,11
480,119,6,5
580,128,6,5
680,142,6,5
380,156,6,3
460,145,6,5
620,147,6,5
520,148,6,5
420,152,6,7
34040,127,6,5
460,137,6,5
300,142,6,3
500,138,6,3
480,137,6,5
320,134,6,3
500,138,6,7
780,141,6,17
460,140,6,5
440,137,6,5
620,139,6,7
340,141,6,3
560,150,6,7
960,139,6,5
460,153,6,5
480,152,6,5
600,137,6,5
460,141,6,7
420,135,6,5
660,154,6,11
340,131,6,3
340,144,6,3
640,150,6,7
540,143,6,5
560,134,6,11
440,142,6,5
620,144,6,5
620,156,6,7
480,141,6,5
540,146,6,5
460,155,6,7
440,141,6,5
600,141,6,7
460,149,6,5
440,140,6,5
620,156,6,7
360,146,6,3
460,148,6,5
320,147,6,3
340,138,6,3
600,148,6,11
500,147,6,5
520,143,6,7
440,155,6,7
480,167,6,5
540,141,6,3
540,156,6,7
480,138,6,5
420,141,6,3
460,154,6,5
440,152,6,5
600,150,6,5
580,168,6,11
500,157,6,5
620,147,6,7
360,155,6,3
640,149,6,7
460,127,6,5
600,145,6,13
580,143,6,7
780,150,6,7
540,173,6,7
800,131,6,5
380,146,6,3
440,154,6,5
500,147,6,3
500,144,6,7
720,136,6,5
560,158,6,7
380,149,6,3
660,156,6,5
500,163,6,5
440,127,6,5
720,131,6,5
400,144,6,3
620,141,6,5
760,135,6,7
440,137,6,5
520,151,6,3
520,144,6,3
480,137,6,5
740,155,6,5
420,147,6,5
460,147,6,5
560,139,6,3
600,144,6,5
580,151,6,7
360,148,6,3
540,154,6,5
780,140,6,17
540,151,6,5
820,155,6,5
460,156,6,5
460,148,6,5
620,143,6,5
300,149,6,3
380,162,6,3
460,146,6,5
360,149,6,3
420,146,6,5
380,148,6,3
400,147,6,5
520,141,6,3
760,146,6,17
380,159,6,3
580,150,6,5
540,149,6,7
540,151,6,5
640,131,6,7
420,147,6,5
540,165,6,3
480,143,6,7
480,149,6,5
760,144,6,7
500,142,6,5
600,145,6,5
600,165,6,5
380,145,6,3
660,138,6,7
460,133,6,5
360,145,6,3
600,143,6,3
480,160,6,5
620,142,6,5
580,139,6,5
480,147,6,5
540,157,6,3
640,149,6,11
720,151,6,7
600,149,6,5
480,151,6,7
980,150,6,5
780,144,6,13
640,150,6,5
660,153,6,5
340,159,6,3
740,152,6,5
480,132,6,5
440,154,6,7
700,136,6,5
600,150,6,11
23560,166,6,5
460,144,6,3
600,156,6,5
460,155,6,7
340,138,6,3
520,147,6,5
360,153,6,3
620,146,6,11
580,149,6,11
340,162,6,3
500,156,6,5
380,157,6,3
380,154,6,3
340,153,6,3
380,144,6,3
460,151,6,7
460,161,6,5
520,128,6,7
760,134,6,11
540,139,6,5
380,141,6,3
680,131,6,5
380,146,6,3
640,170,6,11
460,142,6,5
460,154,6,5
340,137,6,3
320,147,6,3
480,147,6,7
340,152,6,3
460,151,6,5
500,163,6,5
420,171,6,7
460,165,6,7
320,161,6,3
360,157,6,3
500,158,6,7
400,158,6,3
340,166,6,3
480,139,6,5
500,148,6,7
480,144,6,5
460,154,6,5
500,137,6,5
380,161,6,3
580,155,6,11
20780,160,6,5
440,159,6,5
400,157,6,3
560,146,6,5
480,162,6,7
820,145,6,7
360,151,6,3
480,163,6,7
540,153,6,7
340,154,6,3
560,140,6,7
380,144,6,3
440,153,6,5
600,163,6,5
500,155,6,5
420,150,6,3
580,136,6,7
380,148,6,3
520,150,6,5
660,149,6,11
540,165,6,5
600,144,6,5
580,155,6,5
900,139,6,5
360,146,6,3
460,149,6,3
720,155,6,5
400,160,6,3
540,157,6,5
540,141,6,5
520,163,6,5
520,159,6,7
440,170,6,3
380,142,6,3
400,154,6,3
520,167,6,7
320,157,6,3
520,164,6,7
440,156,6,5
580,166,6,7
440,161,6,5
460,154,6,5
360,149,6,3
580,141,6,5
420,157,6,5
600,161,6,7
300,158,6,3
480,162,6,5
420,135,6,5
460,154,6,5
820,161,6,17
640,152,6,7
600,153,6,11
3480,151,6,11
360,155,6,3
560,156,6,5
620,163,6,11
300,163,6,3
2460,164,6,7
460,158,6,7
560,149,6,5
460,154,6,3
340,148,6,3
1540,161,6,7
620,146,6,7
600,163,6,11
540,150,6,5
440,153,6,7
620,158,6,7
540,144,6,5
360,164,6,3
500,162,6,5
520,163,6,5
720,144,6,11
660,157,6,7
500,150,6,5
540,146,6,5
600,163,6,11
460,162,6,5
620,152,6,11
380,150,6,3
600,159,6,11
500,153,6,5
700,133,6,11
520,146,6,7
380,169,6,3
340,142,6,3
440,155,6,5
460,154,6,5
440,157,6,7
520,133,6,5
480,159,6,7
480,149,6,5
420,156,6,3
500,155,6,7
380,160,6,3
600,142,6,5
340,153,6,3
480,154,6,7
480,153,6,5
480,154,6,5
420,149,6,3
480,155,6,7
520,154,6,7
620,168,6,5
660,164,6,13
400,151,6,3
540,139,6,5
340,170,6,3
420,147,6,3
360,158,6,3
640,169,6,11
420,162,6,3
500,141,6,5
640,159,6,5
640,161,6,11
440,152,6,5
480,152,6,7
460,150,6,5
460,166,6,5
360,157,6,3
460,162,6,5
440,156,6,3
500,151,6,5
500,158,6,5
520,170,6,7
480,152,6,7
360,155,6,3
520,162,6,5
480,170,6,5
480,140,6,3
640,158,6,11
560,153,6,7
660,147,6,7
620,161,6,11
600,164,6,7
500,179,6,7
500,145,6,5
400,165,6,3
340,160,6,3
580,156,6,3
360,142,6,3
320,158,6,3
780,152,6,5
360,168,6,3
500,165,6,5
580,169,6,11
460,152,6,5
360,154,6,3
500,153,6,7
460,152,6,5
460,151,6,5
560,154,6,7
460,153,6,3
540,157,6,3
580,156,6,7
420,162,6,5
440,165,6,5
520,159,6,5
780,155,6,7
480,157,6,5
440,169,6,5
600,174,6,5
520,147,6,3
540,160,6,5
340,169,6,3
360,148,6,3
360,155,6,3
340,157,6,3
340,143,6,3
440,169,6,5
480,147,6,7
400,159,6,3
620,155,6,5
640,143,6,5
620,166,6,11
480,160,6,7
460,158,6,5
460,168,6,7
480,172,6,7
600,165,6,11
440,168,6,5
740,169,6,5
480,149,6,3
560,160,6,5
400,148,6,3
420,141,6,3
660,167,6,5
420,151,6,5
460,173,6,3
720,157,6,11
580,143,6,7
520,162,6,5
460,159,6,5
540,162,6,5
320,149,6,3
540,171,6,7
560,161,6,7
500,155,6,5
460,172,6,3
420,156,6,3
460,166,6,5
640,163,6,7
380,169,6,3
400,170,6,3
680,157,6,11
400,168,6,3
380,148,6,3
380,159,6,3
580,162,6,7
640,152,6,5
400,165,6,3
420,155,6,3
480,164,6,7
460,176,6,3
520,166,6,5
340,165,6,3
480,167,6,5
440,147,6,5
420,174,6,3
520,172,6,3
440,160,6,5
520,154,6,3
580,166,6,5
380,152,6,3
560,153,6,5
460,179,6,7
500,166,6,5
620,162,6,11
540,161,6,7
580,171,6,5
600,166,6,11
380,176,6,3
440,166,6,5
440,153,6,5
460,167,6,5
360,166,6,3
460,176,6,5
420,153,6,3
540,177,6,5
480,168,6,7
560,150,6,7
560,161,6,11
520,168,6,5
500,165,6,5
460,159,6,5
580,154,6,5
380,165,6,3
480,158,6,5
660,160,6,5
540,175,6,5
540,165,6,5
380,164,6,3
400,163,6,3
460,167,6,5
540,161,6,5
360,177,6,3
620,170,6,11
540,144,6,7
340,167,6,3
560,165,6,5
420,158,6,3
660,175,6,5
340,172,6,3
660,175,6,11
380,168,6,3
380,164,6,3
540,151,6,5
480,175,6,5
840,153,6,11
380,175,6,3
400,181,6,3
460,160,6,5
440,150,6,5
460,175,6,5
460,156,6,5
820,157,6,5
540,161,6,5
600,159,6,5
520,177,6,3
380,167,6,3
360,165,6,3
340,175,6,3
480,165,6,5
400,166,6,3
580,164,6,5
480,169,6,3
540,168,6,5
380,166,6,3
500,171,6,5
500,168,6,7
340,167,6,3
360,173,6,3
600,175,6,5
520,177,6,5
440,164,6,5
520,163,6,5
440,182,6,5
460,173,6,5
380,166,6,3
480,161,6,5
480,155,6,7
340,171,6,3
580,164,6,7
560,171,6,7
460,167,6,7
500,166,6,5
560,170,6,7
580,151,6,7
540,158,6,7
560,153,6,7
580,155,6,5
580,163,6,11
500,166,6,5
500,172,6,7
720,149,6,5
440,170,6,5
600,166,6,5
620,151,6,11
520,174,6,7
560,156,6,7
420,166,6,5
540,164,6,5
440,165,6,5
660,165,6,5
460,173,6,5
480,163,6,5
520,168,6,5
560,156,6,7
560,165,6,5
620,171,6,11
380,171,6,3
500,174,6,5
520,178,6,5
360,175,6,3
460,182,6,5
540,156,6,5
640,182,6,11
480,170,6,7
480,146,6,5
580,153,6,5
400,167,6,3
320,153,6,3
500,164,6,7
440,170,6,5
340,158,6,3
460,177,6,5
580,165,6,11
460,166,6,5
420,173,6,5
420,166,6,5
480,173,6,5
560,162,6,5
440,175,6,5
680,170,6,11
600,160,6,5
560,195,6,5
640,155,6,11
460,156,6,7
520,177,6,5
360,147,6,3
560,144,6,7
480,160,6,5
500,179,6,5
500,149,6,5
440,159,6,5
620,161,6,11
440,166,6,5
560,149,6,5
600,157,6,11
700,167,6,11
520,158,6,7
580,165,6,7
620,162,6,5
520,172,6,5
520,170,6,5
440,164,6,5
520,167,6,5
340,164,6,3
520,166,6,5
680,168,6,11
580,181,6,7
19980,157,6,3
440,158,6,5
480,171,6,7
520,154,6,7
540,166,6,5
400,165,6,5
700,176,6,11
380,157,6,3
540,180,6,5
480,154,6,5
440,173,6,5
500,166,6,7
320,184,6,3
340,167,6,3
340,167,6,3
560,146,6,7
480,152,6,7
460,179,6,7
500,169,6,7
460,174,6,5
460,174,6,7
340,160,6,3
360,166,6,3
560,173,6,11
780,171,6,11
14800,156,6,7
560,180,6,5
400,167,6,3
400,141,6,3
540,159,6,5
560,172,6,7
620,162,6,11
500,183,6,5
480,167,6,3
340,165,6,3
840,164,6,13
620,172,6,11
580,155,6,5
500,163,6,5
520,171,6,7
460,163,6,3
520,163,6,7
500,176,6,7
360,193,6,3
520,169,6,7
320,168,6,3
480,170,6,5
560,181,6,11
520,174,6,5
500,170,6,7
500,166,6,5
520,147,6,5
480,185,6,5
500,155,6,5
440,177,6,3
400,160,6,3
420,187,6,5
440,166,6,3
360,173,6,3
580,171,6,3
520,156,6,7
380,173,6,3
440,179,6,3
440,167,6,5
420,156,6,3
480,167,6,7
680,179,6,7
340,175,6,3
520,157,6,5
520,166,6,5
480,187,6,7
500,168,6,7
420,198,6,3
500,168,6,5
480,165,6,7
360,172,6,3
460,178,6,5
460,158,6,3
340,165,6,3
340,172,6,3
460,175,6,7
440,175,6,7
460,173,6,3
480,181,6,5
500,165,6,3
340,178,6,3
680,175,6,7
500,170,6,5
380,167,6,3
420,172,6,5
500,167,6,3
480,160,6,3
580,171,6,5
480,165,6,5
380,174,6,3
460,163,6,7
420,171,6,3
360,180,6,3
460,164,6,7
700,171,6,5
420,183,6,7
560,178,6,5
500,183,6,7
560,183,6,5
420,157,6,5
360,174,6,3
360,182,6,3
500,184,6,5
580,163,6,7
460,171,6,3
480,195,6,5
540,173,6,11
580,172,6,7
460,175,6,5
400,169,6,3
680,168,6,11
580,176,6,7
440,160,6,3
500,160,6,7
600,169,6,11
420,156,6,5
540,165,6,5
460,183,6,5
480,171,6,3
520,184,6,7
440,172,6,5
440,170,6,3
460,173,6,5
460,164,6,5
320,162,6,3
400,173,6,3
480,169,6,5
660,190,6,7
620,184,6,13
500,174,6,5
580,180,6,13
560,169,6,7
540,170,6,5
440,165,6,3
540,163,6,7
520,179,6,7
380,172,6,3
500,179,6,5
400,172,6,3
460,178,6,5
420,190,6,3
460,165,6,5
480,186,6,3
640,187,6,7
540,178,6,5
520,172,6,7
360,178,6,3
360,180,6,3
600,173,6,11
440,178,6,5
460,168,6,5
600,154,6,5
380,162,6,3
600,178,6,5
660,175,6,11
540,184,6,5
380,157,6,3
540,173,6,5
360,175,6,3
780,166,6,5
540,173,6,3
580,172,6,7
420,164,6,5
480,188,6,5
440,191,6,5
360,187,6,3
360,179,6,3
480,181,6,5
640,167,6,5
480,187,6,5
500,160,6,5
360,180,6,3
360,174,6,3
320,178,6,3
620,180,6,11
460,186,6,7
380,174,6,3
820,173,6,7
480,160,6,7
460,176,6,5
460,175,6,5
460,174,6,5
460,184,6,5
620,178,6,11
540,182,6,5
380,169,6,3
940,193,6,7
420,180,6,3
480,169,6,5
400,179,6,3
480,185,6,5
460,186,6,7
660,170,6,5
540,171,6,7
580,175,6,3
460,174,6,5
560,170,6,5
520,186,6,5
540,183,6,5
420,167,6,5
680,175,6,7
420,167,6,5
660,172,6,7
520,178,6,5
560,176,6,5
380,174,6,3
440,176,6,3
400,182,6,3
480,172,6,5
680,185,6,11
500,168,6,5
440,165,6,5
460,169,6,5
440,159,6,5
340,173,6,3
440,178,6,5
960,181,6,11
780,184,6,7
460,189,6,5
440,179,6,3
620,189,6,5
500,179,6,3
360,182,6,3
500,174,6,5
520,187,6,7
460,170,6,3
540,178,6,5
500,178,6,5
600,172,6,11
620,182,6,13
380,164,6,3
600,184,6,5
600,181,6,11
420,172,6,3
500,160,6,5
700,192,6,13
480,188,6,5
540,178,6,7
680,167,6,13
540,181,6,7
440,184,6,5
340,163,6,3
540,164,6,5
440,181,6,5
420,174,6,5
500,198,6,5
540,199,6,5
520,170,6,7
480,195,6,7
580,195,6,5
460,174,6,5
600,180,6,7
480,174,6,5
620,190,6,11
600,171,6,7
400,180,6,3
380,183,6,3
540,176,6,7
520,179,6,7
580,149,6,5
500,153,6,5
1160,173,6,5
600,170,6,7
440,192,6,3
560,191,6,7
420,176,6,3
520,187,6,7
480,184,6,7
640,169,6,7
380,174,6,3
560,181,6,5
540,183,6,7
440,197,6,3
500,194,6,7
420,175,6,3
960,180,6,5
500,202,6,7
680,178,6,11
380,175,6,3
440,176,6,3
460,168,6,5
580,182,6,5
500,182,6,3
600,182,6,7
480,180,6,3
400,171,6,3
620,193,6,5
520,180,6,5
760,182,6,13
480,172,6,5
700,180,6,11
420,176,6,3
500,187,6,5
520,184,6,5
600,158,6,11
640,195,6,5
360,174,6,3
520,183,6,5
420,184,6,5
440,190,6,7
460,175,6,7
480,178,6,7
740,188,6,11
520,179,6,5
580,174,6,5
420,192,6,5
400,199,6,3
620,176,6,11
480,181,6,3
560,174,6,5
540,199,6,5
560,174,6,5
500,174,6,5
520,179,6,7
520,178,6,7
440,164,6,3
520,173,6,5
340,171,6,3
500,175,6,5
560,182,6,13
500,179,6,5
440,185,6,5
620,182,6,5
460,196,6,3
660,188,6,5
440,176,6,3
540,180,6,5
700,157,6,11
580,164,6,7
660,173,6,5
520,187,6,3
680,163,6,5
520,179,6,5
780,187,6,11
600,179,6,3
420,181,6,3
620,183,6,7
660,167,6,7
720,182,6,7
600,179,6,5
580,180,6,3
800,192,6,7
500,175,6,7
360,175,6,3
460,184,6,7
480,180,6,7
480,171,6,5
380,187,6,3
460,193,6,5
540,191,6,5
640,171,6,11
500,181,6,5
480,185,6,7
500,176,6,7
380,176,6,3
540,189,6,7
600,168,6,5
520,178,6,5
600,194,6,7
400,191,6,3
340,190,6,3
620,180,6,11
520,177,6,3
540,174,6,7
640,183,6,5
520,191,6,5
560,175,6,7
620,184,6,11
700,189,6,7
660,179,6,5
560,182,6,5
600,188,6,5
680,188,6,11
500,185,6,5
440,177,6,5
980,186,6,11
620,175,6,5
560,171,6,7
580,188,6,13
600,179,6,7
400,175,6,3
340,199,6,3
500,175,6,5
620,175,6,11
340,182,6,3
360,183,6,3
520,180,6,5
500,184,6,7
480,178,6,7
620,191,6,3
520,203,6,7
460,190,6,3
540,189,6,5
700,161,6,13
560,191,6,5
600,188,6,5
480,198,6,3
560,181,6,7
720,177,6,13
720,181,6,7
440,183,6,3
540,178,6,7
600,192,6,5
520,197,6,5
520,190,6,5
520,171,6,3
720,197,6,11
620,190,6,11
620,179,6,7
520,191,6,7
540,187,6,5
380,194,6,3
580,196,6,5
440,195,6,3
620,180,6,11
780,199,6,5
380,188,6,3
400,172,6,3
480,177,6,5
440,194,6,3
520,179,6,5
640,190,6,11
740,186,6,11
500,184,6,7
480,187,6,7
500,176,6,7
600,192,6,11
480,185,6,5
520,195,6,7
560,184,6,7
460,178,6,7
560,189,6,11
500,190,6,5
540,192,6,7
480,193,6,5
660,190,6,7
660,195,6,5
540,182,6,7
380,184,6,3
380,172,6,3
500,178,6,5
560,178,6,5
520,173,6,3
560,205,6,7
480,194,6,5
600,193,6,5
460,181,6,5
640,172,6,11
480,184,6,3
700,172,6,11
480,171,6,5
480,184,6,5
520,169,6,3
400,168,6,5
680,180,6,7
640,174,6,5
440,169,6,3
620,192,6,7
400,185,6,3
700,199,6,11
420,192,6,3
520,186,6,3
600,184,6,5
500,184,6,7
520,175,6,3
400,184,6,3
600,191,6,5
500,207,6,3
820,180,6,11
580,197,6,5
460,196,6,5
540,193,6,7
500,183,6,5
400,197,6,5
640,200,6,5
380,189,6,3
580,189,6,7
340,191,6,3
420,184,6,3
380,169,6,3
500,192,6,5
620,198,6,5
500,193,6,5
620,218,6,5
760,192,6,13
660,186,6,3
760,196,6,7
640,174,6,7
460,192,6,3
400,183,6,3
520,189,6,5
620,184,6,5
380,182,6,3
680,188,6,7
580,166,6,5
560,191,6,7
620,207,6,5
400,175,6,3
660,173,6,7
740,188,6,5
560,189,6,7
640,181,6,7
420,193,6,3
640,195,6,11
540,186,6,7
400,199,6,3
500,185,6,5
480,180,6,5
600,186,6,11
300,181,6,3
560,191,6,5
400,194,6,3
440,182,6,3
480,200,6,5
440,201,6,3
580,195,6,7
360,198,6,3
460,192,6,3
620,178,6,5
520,196,6,5
580,187,6,5
660,179,6,11
440,195,6,5
540,194,6,5
580,176,6,7
680,178,6,5
640,208,6,7
620,195,6,7
380,192,6,3
460,191,6,5
600,198,6,7
580,177,6,7
600,183,6,5
420,195,6,3
520,220,6,5
500,192,6,3
360,198,6,3
640,181,6,5
560,188,6,5
540,184,6,7
480,202,6,3
400,190,6,3
480,184,6,5
500,182,6,5
560,185,6,3
660,181,6,7
700,195,6,5
640,179,6,13
520,172,6,3
420,181,6,3
760,191,6,11
480,209,6,3
560,178,6,5
380,182,6,3
440,187,6,3
640,199,6,7
520,196,6,7
680,186,6,7
480,181,6,5
400,171,6,3
460,182,6,5
360,198,6,3
380,174,6,3
680,190,6,11
620,199,6,7
560,180,6,5
660,190,6,11
740,182,6,7
520,195,6,5
740,201,6,5
580,208,6,5
480,174,6,5
560,182,6,5
480,180,6,5
700,193,6,11
600,198,6,5
800,192,6,3
840,196,6,11
440,184,6,3
500,196,6,5
620,185,6,7
380,191,6,3
640,202,6,5
740,187,6,5
520,205,6,7
600,185,6,5
460,181,6,7
520,193,6,7
660,186,6,5
560,177,6,5
500,185,6,3
520,193,6,3
920,190,6,5
620,205,6,7
520,189,6,5
600,216,6,5
440,184,6,5
500,174,6,5
500,184,6,5
380,170,6,3
620,207,6,11
600,201,6,5
520,194,6,7
600,174,6,5
400,178,6,3
620,209,6,7
340,208,6,3
720,197,6,5
660,168,6,3
600,191,6,5
760,186,6,11
360,183,6,3
640,191,6,5
720,182,6,7
600,191,6,7
460,193,6,3
500,204,6,3
520,197,6,3
440,205,6,5
580,192,6,7
440,203,6,3
840,181,6,5
440,183,6,3
440,188,6,3
580,197,6,3
480,201,6,7
520,207,6,3
600,190,6,5
740,200,6,7
1320,184,6,7
460,212,6,5
560,188,6,7
640,182,6,5
740,184,6,11
500,183,6,5
440,215,6,3
500,203,6,5
420,194,6,3
460,190,6,5
420,187,6,3
620,184,6,7
680,206,6,5
520,181,6,3
600,199,6,5
520,199,6,5
520,200,6,5
720,210,6,7
500,213,6,7
580,202,6,7
540,193,6,5
520,202,6,5
420,193,6,3
440,193,6,3
460,196,6,5
660,200,6,7
460,184,6,3
600,207,6,7
920,192,6,7
580,195,6,7
420,180,6,3
500,192,6,3
400,194,6,3
580,172,6,7
480,206,6,5
300,193,6,3
440,193,6,5
520,197,6,5
320,204,6,3
500,203,6,3
460,207,6,3
480,193,6,5
440,187,6,3
500,197,6,5
400,197,6,3
620,185,6,7
500,190,6,7
540,193,6,7
520,183,6,7
500,185,6,7
480,199,6,3
700,193,6,11
580,204,6,5
480,188,6,5
620,209,6,7
460,193,6,5
560,187,6,5
600,222,6,5
480,195,6,5
380,201,6,3
820,212,6,11
460,185,6,5
600,212,6,5
580,199,6,7
660,196,6,11
520,207,6,5
380,204,6,3
520,207,6,5
640,211,6,7
520,191,6,7
580,189,6,5
560,202,6,7
540,192,6,7
640,205,6,11
780,212,6,5
520,206,6,7
680,200,6,7
480,185,6,3
340,199,6,3
600,189,6,7
460,193,6,3
500,190,6,5
540,194,6,5
360,189,6,3
500,198,6,7
620,186,6,7
740,191,6,11
640,189,6,11
580,181,6,7
340,207,6,3
560,204,6,5
640,200,6,3
680,178,6,11
560,201,6,7
560,208,6,5
700,216,6,7
540,216,6,3
560,197,6,5
640,220,6,7
400,186,6,3
460,188,6,5
460,208,6,5
600,208,6,11
460,188,6,5
440,208,6,5
340,209,6,3
620,188,6,13
540,186,6,5
460,201,6,5
580,192,6,11
460,190,6,5
480,186,6,5
480,181,6,7
380,206,6,3
600,215,6,11
480,214,6,5
480,196,6,5
420,205,6,3
380,188,6,3
680,205,6,13
580,196,6,5
620,203,6,3
480,212,6,5
600,209,6,3
680,203,6,7
500,213,6,5
460,185,6,5
560,199,6,7
400,203,6,5
620,194,6,3
820,201,6,13
500,201,6,5
540,208,6,7
500,196,6,5
520,204,6,5
540,195,6,3
580,213,6,3
500,205,6,5
500,194,6,5
760,203,6,13
380,201,6,3
540,182,6,5
440,194,6,5
360,187,6,3
360,213,6,3
620,200,6,11
560,198,6,5
400,197,6,5
340,215,6,3
500,194,6,7
480,213,6,5
460,200,6,7
540,214,6,7
360,197,6,3
500,218,6,7
460,196,6,5
300,214,6,3
460,192,6,5
440,212,6,5
340,203,6,3
400,171,6,3
400,206,6,3
580,204,6,11
660,227,6,5
560,200,6,5
640,194,6,7
680,212,6,5
540,206,6,3
560,207,6,5
520,199,6,5
640,207,6,11
440,202,6,3
600,217,6,5
600,188,6,11
600,200,6,5
380,179,6,3
480,221,6,5
540,195,6,5
620,194,6,5
560,193,6,7
520,201,6,5
840,201,6,7
560,201,6,5
440,197,6,3
580,214,6,5
620,199,6,5
480,211,6,5
560,196,6,5
560,199,6,5
560,200,6,7
520,207,6,5
480,193,6,3
340,211,6,3
520,198,6,7
500,200,6,7
340,201,6,3
600,232,6,5
440,206,6,5
660,213,6,13
460,202,6,3
520,189,6,5
520,204,6,5
680,217,6,7
400,229,6,3
620,183,6,5
700,191,6,7
760,197,6,11
500,190,6,5
480,210,6,3
560,204,6,5
340,195,6,3
720,210,6,5
560,199,6,5
720,208,6,5
520,209,6,3
460,208,6,3
480,205,6,5
520,199,6,5
420,210,6,3
480,201,6,7
500,196,6,5
500,181,6,5
380,200,6,3
500,218,6,5
1020,195,6,11
640,211,6,11
520,200,6,5
340,202,6,3
340,188,6,3
580,198,6,5
620,205,6,7
680,182,6,11
460,200,6,7
400,205,6,3
440,211,6,3
700,195,6,11
460,220,6,3
620,200,6,5
480,215,6,5
560,202,6,7
440,206,6,3
520,193,6,5
580,191,6,3
620,200,6,5
500,195,6,5
620,191,6,5
860,205,6,5
520,207,6,5
720,218,6,11
540,208,6,5
2920,207,6,7
680,196,6,5
560,193,6,5
360,198,6,3
520,219,6,7
400,215,6,3
520,203,6,7
440,188,6,3
460,208,6,3
480,207,6,5
580,211,6,5
620,221,6,5
400,190,6,3
540,195,6,7
540,191,6,5
520,215,6,5
540,197,6,7
380,207,6,3
440,199,6,3
520,209,6,5
560,208,6,5
560,215,6,5
580,191,6,5
580,204,6,5
460,199,6,5
780,208,6,19
520,199,6,5
520,205,6,5
560,194,6,7
720,216,6,5
480,218,6,3
360,209,6,3
580,199,6,7
600,218,6,5
500,211,6,5
620,215,6,5
440,206,6,3
420,207,6,5
580,195,6,7
480,199,6,5
580,177,6,5
380,203,6,3
380,222,6,3
420,218,6,3
320,214,6,3
480,211,6,3
520,177,6,5
340,213,6,3
460,192,6,5
620,180,6,11
580,208,6,11
420,199,6,3
660,220,6,7
600,198,6,11
720,197,6,13
440,219,6,3
540,205,6,5
480,205,6,3
640,189,6,11
340,183,6,3
700,223,6,11
480,221,6,7
500,228,6,7
520,211,6,5
620,213,6,11
520,193,6,7
460,185,6,3
480,225,6,3
660,204,6,7
560,220,6,5
620,183,6,5
600,185,6,5
420,222,6,3
620,210,6,5
940,203,6,11
640,206,6,5
440,219,6,5
480,203,6,7
500,224,6,5
520,220,6,7
380,204,6,3
520,203,6,5
500,202,6,5
520,204,6,3
520,210,6,5
500,210,6,7
560,210,6,7
420,198,6,3
640,195,6,11
600,214,6,3
560,209,6,5
520,202,6,5
480,206,6,5
420,207,6,7
460,214,6,5
560,216,6,5
580,210,6,5
460,201,6,3
600,216,6,11
580,214,6,7
380,213,6,3
420,219,6,3
400,201,6,3
660,213,6,5
740,203,6,5
960,188,6,11
800,219,6,5
800,202,6,3
740,224,6,7
360,199,6,3
660,220,6,5
540,218,6,5
440,207,6,7
680,216,6,11
720,222,6,19
580,213,6,11
540,220,6,5
540,203,6,7
680,231,6,11
400,218,6,5
460,201,6,5
560,209,6,5
640,207,6,5
380,208,6,3
520,205,6,7
480,207,6,3
560,191,6,5
680,207,6,7
700,201,6,11
600,186,6,7
480,203,6,5
480,211,6,5
460,209,6,7
500,218,6,5
440,207,6,3
560,202,6,7
620,210,6,7
580,215,6,5
300,198,6,3
360,195,6,3
320,212,6,3
460,205,6,5
620,210,6,5
800,208,6,11
580,216,6,5
440,213,6,3
580,223,6,5
420,208,6,3
420,203,6,3
580,217,6,7
500,182,6,5
340,220,6,3
520,202,6,7
500,209,6,5
400,200,6,3
600,203,6,5
620,209,6,7
600,224,6,5
440,219,6,3
740,190,6,13
540,212,6,5
600,203,6,5
540,216,6,3
620,207,6,5
400,214,6,3
420,203,6,3
480,207,6,3
460,207,6,5
500,211,6,5
460,203,6,3
500,216,6,5
660,223,6,5
480,225,6,5
600,214,6,5
580,215,6,5
540,191,6,5
840,201,6,7
620,213,6,5
520,210,6,3
680,207,6,7
580,202,6,5
640,197,6,5
540,228,6,3
540,218,6,5
460,216,6,3
500,209,6,3
420,203,6,3
480,226,6,5
620,219,6,5
680,230,6,11
820,226,6,11
580,230,6,5
560,229,6,5
420,203,6,3
640,199,6,7
540,218,6,5
560,206,6,5
520,212,6,5
480,207,6,5
480,226,6,7
660,221,6,7
480,210,6,7
540,197,6,5
380,210,6,3
560,213,6,5
580,204,6,7
340,189,6,3
600,200,6,11
460,221,6,7
740,207,6,7
560,210,6,3
500,210,6,3
600,224,6,5
640,200,6,7
700,223,6,5
500,206,6,3
400,211,6,3
700,221,6,13
1000,219,6,13
640,190,6,5
720,213,6,7
680,222,6,5
680,236,6,5
720,218,6,5
740,220,6,5
560,194,6,5
500,215,6,7
640,225,6,7
560,217,6,3
620,216,6,7
620,203,6,3
540,213,6,5
600,216,6,11
380,207,6,3
640,222,6,5
680,206,6,7
620,206,6,7
560,208,6,3
540,220,6,3
500,206,6,5
480,241,6,5
380,217,6,3
640,204,6,5
680,194,6,11
660,211,6,5
360,215,6,3
540,217,6,3
520,227,6,5
500,221,6,5
540,218,6,5
540,230,6,3
580,230,6,5
660,194,6,7
560,203,6,5
560,236,6,5
780,211,6,13
580,223,6,3
720,199,6,11
560,218,6,5
600,191,6,5
640,200,6,11
480,207,6,3
560,212,6,3
520,210,6,7
600,204,6,5
400,208,6,3
440,193,6,3
680,211,6,13
500,211,6,5
580,203,6,5
500,235,6,3
440,207,6,3
520,204,6,5
520,219,6,5
880,220,6,5
760,211,6,3
600,214,6,5
680,228,6,5
720,213,6,5
800,224,6,11
620,210,6,7
440,228,6,3
740,205,6,7
540,224,6,5
520,225,6,5
420,224,6,3
500,217,6,5
1000,224,6,11
560,226,6,5
520,208,6,5
540,214,6,7
640,232,6,7
960,207,6,5
540,207,6,5
580,212,6,5
500,225,6,5
880,201,6,7
740,219,6,5
600,234,6,5
460,197,6,3
640,209,6,5
480,226,6,5
520,211,6,3
400,212,6,3
540,214,6,5
640,210,6,7
480,218,6,3
480,233,6,3
540,214,6,7
420,207,6,3
640,213,6,3
460,214,6,3
480,217,6,3
660,238,6,7
460,223,6,3
700,232,6,13
540,203,6,5
500,233,6,7
620,212,6,5
640,232,6,7
540,219,6,5
480,222,6,7
460,233,6,3
680,215,6,3
400,188,6,3
500,217,6,5
580,201,6,5
640,237,6,7
560,200,6,7
560,215,6,5
520,238,6,7
520,229,6,7
500,198,6,3
600,219,6,3
760,244,6,7
420,229,6,3
800,240,6,5
560,202,6,7
660,202,6,7
440,198,6,3
740,216,6,3
640,224,6,5
560,210,6,3
520,227,6,3
540,229,6,5
720,221,6,5
360,219,6,3
460,222,6,5
340,220,6,3
520,211,6,7
360,231,6,3
360,211,6,3
380,217,6,3
500,213,6,5
560,234,6,5
540,229,6,5
580,214,6,7
440,230,6,5
640,216,6,7
480,233,6,5
700,202,6,5
440,217,6,3
500,207,6,7
780,236,6,11
500,209,6,7
500,218,6,3
640,226,6,11
560,211,6,3
640,226,6,5
580,212,6,5
740,216,6,5
560,221,6,5
580,215,6,5
580,224,6,7
720,211,6,11
440,208,6,3
760,230,6,11
520,212,6,3
480,234,6,3
480,222,6,5
460,216,6,7
420,223,6,3
540,224,6,5
460,222,6,3
580,207,6,5
840,192,6,5
520,204,6,5
460,215,6,5
600,209,6,5
520,209,6,5
720,219,6,11
500,226,6,3
680,226,6,11
420,213,6,3
620,216,6,5
620,216,6,5
520,218,6,3
560,230,6,5
440,215,6,3
540,229,6,3
640,214,6,7
800,243,6,11
1140,201,6,11
700,226,6,7
600,225,6,7
660,208,6,7
540,226,6,7
460,219,6,5
560,213,6,5
600,220,6,5
640,240,6,5
660,244,6,7
520,217,6,5
480,212,6,5
520,232,6,7
480,216,6,5
540,199,6,5
580,226,6,3
640,239,6,5
540,213,6,5
640,214,6,7
620,222,6,3
600,201,6,5
580,214,6,5
520,220,6,7
500,225,6,3
540,218,6,5
460,229,6,5
520,212,6,5
520,223,6,7
680,214,6,7
540,233,6,3
420,225,6,3
480,238,6,3
860,223,6,5
640,225,6,5
440,229,6,3
640,203,6,5
520,237,6,5
540,220,6,5
520,230,6,5
520,218,6,5
320,227,6,3
520,217,6,5
500,247,6,3
820,223,6,11
380,236,6,3
760,225,6,7
560,207,6,5
420,218,6,3
540,219,6,7
680,222,6,5
920,214,6,11
580,216,6,3
540,237,6,7
680,221,6,11
620,209,6,5
600,232,6,5
580,231,6,5
380,232,6,3
500,231,6,7
580,211,6,5
620,229,6,5
560,232,6,5
500,227,6,5
660,222,6,3
620,240,6,7
460,224,6,3
540,204,6,7
600,232,6,5
580,221,6,3
520,232,6,5
520,220,6,7
800,224,6,13
700,205,6,11
460,217,6,3
780,224,6,13
640,244,6,5
640,221,6,3
580,223,6,7
660,228,6,5
420,205,6,3
540,239,6,5
580,241,6,5
540,239,6,5
480,205,6,3
520,223,6,5
620,226,6,5
520,218,6,7
620,221,6,7
500,229,6,3
700,229,6,7
780,218,6,7
620,241,6,5
460,224,6,5
620,220,6,7
440,218,6,3
540,240,6,5
460,226,6,5
640,212,6,11
400,216,6,3
660,226,6,7
580,216,6,5
520,223,6,5
800,234,6,11
800,208,6,7
600,222,6,7
500,225,6,3
680,229,6,7
600,206,6,7
640,216,6,5
520,234,6,3
520,227,6,7
560,214,6,7
680,221,6,5
580,232,6,5
620,203,6,5
380,231,6,3
420,244,6,3
640,201,6,7
660,228,6,7
580,220,6,5
640,218,6,7
680,244,6,7
480,244,6,3
600,241,6,5
580,239,6,5
800,229,6,11
740,214,6,7
640,234,6,3
780,231,6,5
680,223,6,5
400,215,6,3
400,233,6,3
860,242,6,13
840,234,6,11
760,224,6,7
720,220,6,7
860,222,6,5
580,227,6,3
360,216,6,3
620,242,6,11
500,204,6,5
360,212,6,3
460,228,6,3
520,202,6,7
520,232,6,5
440,246,6,3
580,229,6,7
600,222,6,5
360,233,6,3
640,233,6,7
500,217,6,5
480,231,6,5
540,224,6,7
480,223,6,3
820,229,6,5
520,223,6,3
500,217,6,3
580,218,6,5
580,207,6,5
440,217,6,3
400,204,6,3
540,220,6,3
480,242,6,3
440,245,6,3
540,236,6,5
460,236,6,3
440,234,6,3
780,224,6,17
460,242,6,3
660,225,6,5
580,246,6,5
560,243,6,7
460,220,6,3
680,240,6,5
520,229,6,5
460,232,6,5
560,251,6,3
720,240,6,5
640,210,6,5
700,211,6,13
520,239,6,5
600,221,6,5
700,229,6,7
680,237,6,5
520,207,6,3
580,245,6,5
660,233,6,7
560,219,6,5
560,217,6,7
460,255,6,3
540,233,6,5
600,221,6,5
400,229,6,3
660,228,6,11
560,223,6,5
540,237,6,5
420,220,6,3
380,208,6,3
540,235,6,5
420,241,6,3
480,229,6,5
500,229,6,7
520,232,6,3
460,240,6,3
560,204,6,5
500,222,6,7
760,247,6,5
620,243,6,5
520,221,6,3
560,234,6,7
680,237,6,7
600,207,6,7
600,215,6,7
500,244,6,3
780,208,6,5
600,240,6,7
580,245,6,5
520,224,6,3
640,244,6,5
440,218,6,3
620,223,6,13
620,248,6,5
940,221,6,5
660,224,6,3
660,228,6,3
840,225,6,3
620,226,6,3
640,237,6,5
480,235,6,3
600,245,6,7
540,235,6,5
580,230,6,7
440,218,6,3
720,234,6,5
660,224,6,5
500,222,6,5
460,235,6,3
780,236,6,17
600,222,6,5
360,246,6,3
360,227,6,3
620,251,6,5
680,222,6,11
420,235,6,3
500,239,6,5
740,243,6,3
400,214,6,3
600,219,6,7
580,236,6,5
600,239,6,7
440,236,6,3
420,217,6,3
540,242,6,5
520,229,6,3
500,243,6,3
380,242,6,3
520,229,6,3
540,237,6,5
420,223,6,3
540,220,6,5
400,219,6,3
840,245,6,7
760,242,6,11
600,240,6,5
580,228,6,7
560,221,6,5
740,220,6,7
600,241,6,5
540,241,6,5
580,229,6,7
640,242,6,5
580,233,6,5
660,223,6,7
460,213,6,3
560,238,6,5
620,217,6,11
680,243,6,5
600,231,6,5
600,233,6,5
440,232,6,3
940,243,6,11
540,251,6,3
580,241,6,7
480,249,6,3
580,222,6,5
480,245,6,5
720,244,6,11
660,229,6,11
780,218,6,7
500,236,6,3
520,217,6,3
660,247,6,13
600,235,6,7
400,213,6,3
400,231,6,3
540,222,6,5
400,245,6,3
580,232,6,7
500,236,6,7
500,253,6,5
700,232,6,5
600,232,6,5
500,226,6,3
700,239,6,11
580,219,6,5
680,220,6,7
460,248,6,3
740,243,6,5
780,233,6,11
600,240,6,7
600,228,6,5
520,208,6,3
580,250,6,7
720,236,6,11
440,235,6,3
500,240,6,3
740,236,6,5
640,237,6,7
600,229,6,3
580,225,6,5
440,244,6,3
560,228,6,3
540,224,6,5
520,241,6,5
460,231,6,5
480,227,6,7
560,235,6,5
720,237,6,13
600,227,6,5
640,246,6,5
640,215,6,5
700,226,6,11
500,238,6,3
580,231,6,5
860,235,6,5
840,254,6,5
560,233,6,7
860,225,6,7
500,245,6,7
480,229,6,5
680,233,6,13
480,236,6,5
620,238,6,11
760,230,6,5
780,228,6,5
840,247,6,5
860,253,6,7
820,239,6,3
700,240,6,7
800,240,6,5
1020,238,6,5
1020,221,6,5
760,247,6,7
680,222,6,3
860,229,6,5
1100,230,6,5
740,240,6,5
920,239,6,5
1060,229,6,7
860,243,6,7
1060,241,6,11
740,259,6,5
920,233,6,11
600,253,6,5
520,230,6,5
620,224,6,7
420,241,6,5
480,248,6,5
780,237,6,5
1000,236,6,5
760,230,6,5
780,245,6,5
640,250,6,5
800,230,6,3
460,238,6,5
720,257,6,3
880,243,6,7
500,244,6,3
360,257,6,3
680,249,6,5
560,249,6,7
540,248,6,5
400,249,6,5
740,225,6,11
940,232,6,5
780,247,6,7
800,232,6,5
640,240,6,11
520,247,6,7
620,237,6,11
580,230,6,13
620,248,6,5
740,244,6,11
700,248,6,7
560,237,6,7
640,236,6,3
680,268,6,7
780,221,6,5
520,224,6,5
880,246,6,5
600,249,6,7
500,235,6,5
360,222,6,3
640,230,6,11
380,250,6,3
720,232,6,7
800,234,6,7
620,243,6,5
820,249,6,11
620,231,6,3
500,243,6,5
640,241,6,7
560,238,6,5
420,264,6,3
440,235,6,5
680,231,6,5
680,245,6,5
620,225,6,5
680,253,6,5
680,240,6,7
420,224,6,3
780,231,6,3
720,243,6,7
620,236,6,5
660,242,6,7
700,234,6,3
760,218,6,13
700,227,6,7
880,253,6,11
580,229,6,5
620,232,6,7
720,222,6,5
840,240,6,5
740,251,6,7
680,239,6,5
780,240,6,7
660,237,6,5
580,251,6,7
660,243,6,5
580,230,6,3
720,240,6,5
620,249,6,5
580,238,6,3
840,253,6,5
680,250,6,5
640,240,6,5
780,237,6,7
680,245,6,5
820,212,6,5
640,252,6,5
900,227,6,11
580,270,6,3
560,246,6,3
760,261,6,7
1120,257,6,5
700,237,6,7
800,209,6,5
740,246,6,7
880,232,6,7
740,238,6,7
680,243,6,7
780,259,6,7
640,250,6,5
560,215,6,3
560,233,6,3
680,271,6,5
560,245,6,3
580,227,6,3
780,234,6,5
700,244,6,5
700,244,6,3
620,237,6,7
920,236,6,11
1100,229,6,11
720,230,6,5
660,247,6,5
1000,241,6,11
600,234,6,5
640,255,6,5
820,249,6,7
600,214,6,5
700,229,6,13
700,234,6,5
740,252,6,3
680,242,6,5
580,246,6,3
780,257,6,5
620,233,6,11
520,237,6,7
500,234,6,7
600,225,6,3
760,249,6,3
760,251,6,5
820,240,6,11
700,249,6,3
680,251,6,5
1140,257,6,11
780,208,6,5
780,239,6,3
1020,240,6,11
620,227,6,7
840,240,6,5
880,230,6,7
560,237,6,5
800,230,6,3
1180,244,6,3
660,248,6,3
520,244,6,3
660,238,6,5
580,250,6,5
660,241,6,3
560,237,6,7
580,234,6,7
820,237,6,7
720,238,6,7
620,226,6,7
560,240,6,5
480,223,6,7
400,250,6,3
540,231,6,7
560,242,6,3
520,231,6,3
640,238,6,7
560,253,6,3
1140,265,6,5
600,243,6,7
500,242,6,5
780,255,6,7
520,253,6,7
560,244,6,7
580,246,6,7
780,245,6,5
700,241,6,3
540,244,6,3
520,221,6,5
520,251,6,5
720,251,6,7
640,245,6,5
800,244,6,11
740,244,6,11
660,263,6,5
780,237,6,11
800,259,6,5
720,224,6,5
780,253,6,5
820,257,6,5
960,231,6,13
660,241,6,7
800,260,6,7
740,235,6,5
780,250,6,7
800,230,6,3
680,240,6,5
620,249,6,7
520,223,6,3
580,249,6,5
500,248,6,5
480,245,6,5
520,243,6,3
680,250,6,3
700,254,6,7
880,246,6,7
900,220,6,5
920,252,6,7
760,229,6,7
900,240,6,11
660,236,6,3
680,240,6,3
540,242,6,7
660,264,6,3
920,244,6,11
580,242,6,5
700,233,6,11
520,236,6,5
860,251,6,13
820,244,6,5
520,240,6,7
880,249,6,11
820,245,6,7
860,233,6,7
880,235,6,5
920,237,6,11
720,260,6,5
1120,245,6,5
660,213,6,5
800,237,6,5
620,225,6,3
680,236,6,5
980,239,6,11
740,230,6,7
740,272,6,7
700,247,6,3
580,259,6,7
840,247,6,11
820,241,6,7
940,264,6,7
820,233,6,5
520,240,6,3
640,253,6,5
680,235,6,3
580,251,6,3
980,248,6,11
840,243,6,7
640,235,6,7
680,242,6,5
680,250,6,3
480,237,6,3
540,257,6,5
540,257,6,5
600,249,6,5
780,249,6,7
660,240,6,7
620,239,6,7
500,255,6,3
880,257,6,7
940,241,6,5
760,252,6,5
900,255,6,13
500,248,6,3
540,247,6,5
440,253,6,3
380,263,6,3
520,244,6,7
740,249,6,5
780,255,6,3
720,257,6,3
820,254,6,3
780,245,6,5
660,241,6,3
900,258,6,11
860,254,6,3
840,257,6,3
860,237,6,11
620,235,6,7
600,240,6,3
560,237,6,5
580,229,6,3
740,230,6,7
780,246,6,5
680,257,6,7
660,238,6,5
620,264,6,5
480,236,6,3
820,245,6,3
420,246,6,3
520,263,6,5
680,256,6,3
740,237,6,7
620,256,6,5
700,251,6,5
740,249,6,7
660,254,6,5
500,243,6,7
840,251,6,13
580,252,6,3
780,248,6,7
600,245,6,5
640,249,6,5
500,268,6,3
700,257,6,5
560,236,6,5
580,258,6,7
600,257,6,3
580,247,6,3
740,258,6,11
740,238,6,7
460,235,6,3
600,261,6,5
580,262,6,7
600,248,6,5
600,234,6,7
620,254,6,13
680,251,6,11
580,244,6,3
640,253,6,5
440,237,6,3
640,256,6,5
660,262,6,7
620,240,6,7
440,249,6,3
640,233,6,5
660,255,6,5
860,263,6,11
560,247,6,5
700,243,6,7
540,234,6,5
480,250,6,3
720,247,6,11
740,250,6,11
540,250,6,5
420,257,6,3
580,257,6,3
800,258,6,11
560,240,6,7
660,267,6,7
580,240,6,7
400,261,6,3
500,245,6,5
940,275,6,11
580,251,6,5
700,229,6,5
620,253,6,5
620,243,6,5
580,257,6,5
660,278,6,5
800,229,6,11
640,240,6,5
560,249,6,3
840,243,6,7
580,246,6,7
760,251,6,7
540,250,6,5
460,260,6,3
420,241,6,3
560,244,6,3
580,262,6,5
540,232,6,5
500,251,6,3
580,225,6,5
340,264,6,3
520,269,6,3
620,243,6,5
520,253,6,3
660,257,6,5
800,259,6,5
720,245,6,5
620,249,6,5
700,247,6,3
680,251,6,3
420,260,6,3
620,253,6,3
660,238,6,5
580,254,6,3
660,249,6,5
480,227,6,3
820,256,6,11
700,275,6,5
680,229,6,7
660,253,6,5
840,269,6,11
980,268,6,17
760,250,6,5
700,257,6,7
680,255,6,5
660,264,6,7
700,248,6,5
540,256,6,3
880,257,6,11
700,261,6,7
660,259,6,5
620,261,6,7
600,235,6,5
700,258,6,7
460,239,6,3
740,237,6,11
580,260,6,3
540,259,6,7
720,253,6,5
760,262,6,13
760,246,6,11
520,270,6,5
540,249,6,3
400,235,6,3
580,241,6,3
680,245,6,5
620,258,6,5
600,239,6,5
660,250,6,5
600,248,6,7
580,279,6,3
400,244,6,3
580,261,6,5
480,233,6,3
440,247,6,3
700,232,6,7
580,243,6,7
700,254,6,11
760,258,6,5
800,246,6,11
620,242,6,5
600,253,6,3
640,255,6,7
500,273,6,3
620,241,6,5
440,258,6,3
580,261,6,3
580,227,6,5
840,249,6,7
640,238,6,5
640,268,6,5
600,254,6,5
440,265,6,3
540,292,6,5
660,257,6,7
400,249,6,3
520,245,6,7
440,247,6,3
520,257,6,3
540,270,6,5
580,261,6,3
620,268,6,5
500,255,6,3
480,239,6,3
520,244,6,5
520,249,6,5
540,259,6,3
640,270,6,7
700,248,6,5
500,252,6,3
700,246,6,7
680,252,6,7
660,257,6,5
740,242,6,3
620,263,6,5
640,282,6,5
680,243,6,7
660,264,6,5
640,266,6,7
600,259,6,7
520,267,6,5
540,274,6,3
720,253,6,5
640,256,6,5
760,266,6,11
740,268,6,11
600,278,6,5
600,271,6,5
740,262,6,7
600,248,6,5
400,250,6,3
460,254,6,3
620,238,6,3
620,271,6,7
540,259,6,7
640,257,6,7
660,246,6,5
540,249,6,5
700,281,6,5
560,264,6,3
720,266,6,5
400,264,6,3
720,277,6,5
640,270,6,3
660,258,6,3
620,259,6,5
560,281,6,7
580,232,6,3
540,266,6,3
600,259,6,5
660,270,6,5
460,281,6,5
420,266,6,3
580,268,6,5
640,245,6,5
620,248,6,7
560,256,6,3
500,270,6,5
540,278,6,5
480,277,6,5
540,263,6,3
500,236,6,3
480,261,6,3
680,238,6,7
520,266,6,3
460,268,6,3
560,263,6,3
780,285,6,5
680,264,6,7
800,253,6,11
660,262,6,5
540,277,6,3
600,240,6,5
620,270,6,5
420,246,6,3
540,256,6,7
560,263,6,3
600,258,6,5
540,261,6,5
820,261,6,11
620,259,6,7
400,231,6,3
620,259,6,5
840,238,6,11
720,248,6,5
740,267,6,7
760,247,6,7
560,250,6,3
680,256,6,3
880,271,6,11
900,251,6,5
920,276,6,5
1060,246,6,3
560,244,6,3
620,258,6,3
820,248,6,5
740,270,6,5
800,273,6,5
1020,253,6,3
660,256,6,5
620,262,6,3
620,257,6,3
680,271,6,5
560,269,6,3
600,242,6,3
920,254,6,11
660,271,6,3
1020,302,6,5
1040,251,6,11
760,260,6,3
720,266,6,5
780,251,6,5
620,249,6,3
780,249,6,3
500,272,6,3
640,273,6,5
860,260,6,5
480,255,6,3
400,263,6,3
420,263,6,3
640,272,6,11
540,263,6,7
480,252,6,3
380,262,6,3
660,272,6,11
480,263,6,5
420,269,6,5
360,265,6,3
580,253,6,7
500,259,6,3
640,261,6,5
640,227,6,5
680,245,6,7
560,249,6,7
680,256,6,7
660,251,6,3
620,268,6,7
660,261,6,5
640,261,6,7
700,245,6,7
740,279,6,3
640,259,6,5
400,261,6,3
660,272,6,5
940,244,6,13
720,253,6,11
600,284,6,5
500,258,6,3
480,230,6,3
780,249,6,5
660,258,6,5
660,262,6,7
720,240,6,3
780,269,6,3
740,265,6,7
640,269,6,7
940,277,6,5
860,287,6,5
620,271,6,3
500,256,6,3
940,272,6,11
620,270,6,3
400,248,6,3
860,257,6,5
1160,254,6,11
780,272,6,5
860,265,6,7
820,275,6,5
720,264,6,3
780,250,6,7
780,265,6,5
700,265,6,5
600,261,6,3
520,277,6,3
920,270,6,11
660,259,6,5
700,265,6,5
700,257,6,5
640,262,6,5
420,240,6,3
660,263,6,7
780,265,6,5
380,278,6,3
640,262,6,7
880,266,6,11
680,264,6,7
680,254,6,5
820,234,6,3
720,256,6,5
720,259,6,3
860,252,6,5
700,262,6,5
1020,273,6,7
740,249,6,7
580,272,6,3
780,255,6,5
820,277,6,5
700,254,6,5
780,251,6,7
700,268,6,5
680,265,6,5
740,273,6,5
600,281,6,5
620,263,6,5
500,259,6,5
520,278,6,7
620,248,6,5
500,253,6,3
580,252,6,5
520,266,6,5
400,279,6,3
640,276,6,13
780,250,6,11
540,256,6,5
500,236,6,5
520,273,6,7
380,241,6,3
440,246,6,3
600,240,6,5
600,259,6,5
780,266,6,11
600,282,6,5
420,282,6,3
520,271,6,5
520,263,6,5
500,246,6,5
600,264,6,3
580,258,6,7
480,267,6,3
1000,263,6,13
520,267,6,5
580,271,6,5
800,256,6,11
380,255,6,3
620,265,6,3
980,288,6,11
660,266,6,7
740,253,6,5
640,259,6,5
560,252,6,5
380,261,6,3
380,256,6,3
580,264,6,3
880,249,6,5
680,281,6,5
460,264,6,3
520,248,6,3
700,245,6,5
580,248,6,5
640,257,6,7
560,254,6,5
460,271,6,3
620,259,6,5
440,246,6,3
660,267,6,5
660,293,6,7
500,275,6,7
380,252,6,3
740,274,6,7
480,258,6,3
500,278,6,3
480,272,6,3
480,287,6,5
540,266,6,7
640,252,6,11
500,245,6,5
560,268,6,7
600,272,6,3
580,267,6,7
720,249,6,11
460,258,6,3
480,268,6,5
480,279,6,3
580,271,6,7
540,267,6,7
620,266,6,7
560,276,6,5
700,271,6,7
620,281,6,3
640,262,6,5
700,262,6,7
600,275,6,5
620,257,6,5
580,252,6,3
840,261,6,11
580,265,6,3
660,262,6,7
680,270,6,5
500,257,6,5
440,262,6,3
660,260,6,5
540,253,6,3
620,242,6,5
560,279,6,7
620,284,6,7
600,272,6,7
500,281,6,5
520,258,6,5
700,269,6,5
620,274,6,7
740,261,6,5
580,256,6,3
640,298,6,7
640,268,6,5
500,264,6,3
460,283,6,3
640,257,6,5
660,276,6,5
520,250,6,3
820,259,6,11
440,258,6,3
480,264,6,7
580,266,6,7
660,277,6,7
560,279,6,7
780,264,6,7
640,252,6,7
580,270,6,5
760,264,6,7
560,275,6,3
540,280,6,3
520,271,6,3
600,261,6,5
680,263,6,5
600,290,6,7
580,290,6,7
680,262,6,5
480,276,6,3
700,243,6,11
620,268,6,7
580,264,6,3
420,271,6,3
620,273,6,5
640,265,6,5
760,253,6,11
780,264,6,11
620,288,6,7
780,264,6,5
620,253,6,3
700,270,6,7
480,275,6,3
520,267,6,5
620,294,6,7
420,274,6,3
640,263,6,11
560,271,6,5
720,243,6,7
560,274,6,5
620,263,6,5
540,279,6,5
580,288,6,5
520,264,6,3
680,281,6,5
560,255,6,5
580,278,6,5
780,264,6,5
580,264,6,5
660,253,6,5
600,278,6,7
660,256,6,5
640,270,6,5
620,261,6,7
600,289,6,5
720,287,6,11
680,263,6,5
520,271,6,3
580,275,6,7
620,281,6,7
480,276,6,3
820,299,6,11
600,270,6,7
680,234,6,7
460,288,6,3
640,265,6,7
740,276,6,5
720,265,6,7
700,283,6,7
720,261,6,5
600,288,6,5
920,283,6,11
460,277,6,3
500,282,6,5
580,264,6,5
620,273,6,5
520,287,6,7
500,279,6,3
520,283,6,5
480,269,6,3
640,270,6,5
560,274,6,5
480,272,6,3
400,279,6,3
620,277,6,11
520,265,6,7
620,264,6,13
580,280,6,5
640,289,6,7
600,259,6,5
680,272,6,3
620,268,6,5
560,288,6,7
480,245,6,3
560,263,6,5
360,258,6,3
600,271,6,5
580,265,6,7
480,261,6,3
760,264,6,11
420,274,6,3
640,267,6,5
620,269,6,5
460,262,6,3
620,279,6,3
500,269,6,5
720,274,6,7
600,266,6,3
620,266,6,5
700,292,6,5
780,272,6,7
440,272,6,3
540,265,6,3
860,266,6,11
600,261,6,5
660,278,6,7
520,275,6,3
700,259,6,5
840,270,6,7
660,282,6,5
640,268,6,3
580,270,6,3
520,279,6,3
860,291,6,17
640,276,6,5
600,293,6,7
660,296,6,5
720,279,6,5
680,280,6,7
580,268,6,7
500,279,6,5
540,257,6,5
560,270,6,3
640,269,6,5
880,280,6,7
700,298,6,7
760,250,6,7
760,270,6,7
580,272,6,5
620,284,6,5
580,267,6,5
680,288,6,7
620,263,6,7
560,276,6,7
520,276,6,5
660,277,6,5
580,280,6,3
480,280,6,5
720,274,6,5
560,263,6,5
660,269,6,5
700,267,6,7
920,265,6,7
740,260,6,7
580,273,6,5
600,286,6,5
660,263,6,7
620,268,6,7
740,264,6,3
760,264,6,7
640,276,6,7
700,286,6,7
560,269,6,5
720,273,6,5
620,269,6,5
400,269,6,3
700,272,6,7
780,271,6,5
560,276,6,3
700,275,6,7
520,272,6,3
880,275,6,3
640,277,6,7
740,280,6,7
780,282,6,11
580,268,6,5
540,265,6,7
640,277,6,11
480,283,6,3
400,282,6,3
580,277,6,7
600,278,6,3
660,273,6,5
860,278,6,5
760,269,6,5
800,285,6,5
740,279,6,11
520,288,6,3
660,285,6,5
660,269,6,5
540,274,6,3
620,285,6,5
780,274,6,11
580,279,6,3
560,266,6,5
620,270,6,7
580,289,6,5
920,295,6,11
880,264,6,11
740,265,6,5
720,273,6,5
880,275,6,11
540,280,6,7
500,271,6,3
560,274,6,3
380,282,6,3
420,275,6,3
780,283,6,7
580,294,6,3
500,268,6,3
620,282,6,3
760,262,6,3
580,262,6,5
780,274,6,7
640,255,6,5
580,287,6,5
660,251,6,5
620,279,6,5
700,268,6,5
660,290,6,7
700,295,6,5
860,279,6,7
500,284,6,5
500,248,6,7
480,289,6,3
740,273,6,7
800,268,6,7
560,285,6,5
620,250,6,5
740,268,6,5
720,266,6,5
580,251,6,3
760,269,6,5
580,278,6,3
460,291,6,3
640,281,6,5
400,262,6,3
520,298,6,3
460,305,6,3
680,291,6,7
760,266,6,7
400,270,6,3
660,250,6,7
520,270,6,5
640,267,6,5
620,283,6,7
620,283,6,5
640,303,6,3
760,258,6,11
680,277,6,5
580,277,6,5
680,267,6,11
540,270,6,3
640,289,6,7
720,296,6,7
660,279,6,5
580,270,6,3
820,247,6,5
680,273,6,5
680,267,6,5
780,264,6,7
640,291,6,7
600,275,6,3
660,289,6,5
520,285,6,3
660,284,6,5
820,272,6,5
600,270,6,5
520,280,6,3
580,275,6,7
420,263,6,3
580,270,6,3
500,282,6,3
540,278,6,3
780,285,6,13
440,269,6,3
440,262,6,3
580,268,6,5
700,277,6,5
680,264,6,5
640,275,6,5
4340,307,6,5
620,272,6,3
620,281,6,5
500,265,6,3
1060,292,6,5
740,276,6,5
420,260,6,3
740,272,6,3
620,278,6,5
560,280,6,5
400,291,6,3
520,271,6,7
520,262,6,5
700,288,6,5
600,259,6,5
740,291,6,13
540,281,6,3
720,293,6,3
600,263,6,7
740,291,6,5
720,275,6,5
720,264,6,5
660,271,6,5
660,258,6,7
620,263,6,5
640,268,6,5
600,286,6,5
580,283,6,5
860,283,6,11
540,276,6,3
880,292,6,13
580,278,6,7
780,300,6,17
580,255,6,5
640,237,6,11
540,273,6,3
500,284,6,3
660,279,6,3
660,264,6,5
600,281,6,5
740,267,6,5
780,282,6,11
780,281,6,7
720,279,6,7
740,274,6,5
560,270,6,5
700,283,6,7
640,274,6,5
720,259,6,5
680,271,6,7
760,298,6,7
840,297,6,11
660,286,6,7
640,283,6,7
880,297,6,5
740,268,6,7
660,282,6,3
800,272,6,5
640,273,6,5
720,271,6,7
560,284,6,7
440,285,6,3
520,281,6,5
560,277,6,5
480,262,6,3
560,288,6,7
800,280,6,7
920,280,6,13
820,293,6,11
640,277,6,3
760,289,6,13
760,290,6,5
560,281,6,3
680,282,6,5
700,267,6,5
820,266,6,7
540,283,6,3
600,275,6,7
560,292,6,3
780,283,6,5
660,282,6,5
680,279,6,5
740,277,6,7
500,276,6,3
660,282,6,3
700,296,6,5
560,291,6,3
800,286,6,5
740,264,6,5
840,283,6,13
620,278,6,11
440,267,6,3
660,295,6,5
420,272,6,3
720,283,6,5
620,279,6,5
700,303,6,7
540,279,6,7
680,273,6,5
860,302,6,5
500,270,6,3
660,302,6,5
600,285,6,5
480,285,6,3
680,299,6,5
820,289,6,17
660,282,6,3
500,280,6,5
580,287,6,7
520,291,6,7
380,269,6,3
640,281,6,7
740,280,6,7
760,253,6,7
440,281,6,3
780,279,6,5
680,282,6,3
720,285,6,7
740,264,6,5
660,286,6,5
520,289,6,3
740,288,6,5
660,295,6,7
660,282,6,7
680,276,6,7
600,267,6,3
540,290,6,3
740,290,6,5
620,284,6,5
680,281,6,5
660,284,6,5
560,288,6,5
620,277,6,7
760,276,6,7
800,274,6,7
580,290,6,7
520,273,6,3
660,293,6,7
620,277,6,7
520,286,6,3
780,277,6,11
520,291,6,3
460,278,6,3
680,294,6,7
640,288,6,5
700,266,6,5
580,308,6,3
700,298,6,5
760,262,6,5
680,280,6,5
780,293,6,5
620,285,6,5
500,291,6,3
780,284,6,7
680,283,6,5
560,276,6,3
700,288,6,5
560,277,6,3
440,284,6,3
580,290,6,5
480,292,6,3
640,265,6,7
680,262,6,5
820,298,6,11
780,301,6,3
600,285,6,3
740,306,6,7
1000,300,6,5
600,278,6,3
920,277,6,11
540,287,6,5
400,306,6,3
820,286,6,13
680,275,6,7
820,290,6,5
740,284,6,11
620,312,6,7
520,271,6,5
580,309,6,7
440,287,6,3
560,291,6,3
780,292,6,5
660,274,6,5
700,287,6,5
640,280,6,5
620,301,6,5
620,282,6,5
560,277,6,5
760,265,6,5
500,302,6,3
740,296,6,5
680,279,6,5
600,279,6,5
760,283,6,5
720,290,6,5
640,273,6,5
580,267,6,7
580,268,6,3
560,278,6,5
960,302,6,13
560,285,6,5
560,290,6,5
420,302,6,3
500,290,6,5
740,285,6,7
620,279,6,7
540,289,6,3
600,314,6,7
460,277,6,3
720,284,6,5
660,266,6,5
660,303,6,5
640,282,6,5
700,287,6,5
780,299,6,5
640,272,6,7
760,296,6,7
600,273,6,7
760,269,6,5
520,285,6,5
480,293,6,3
620,262,6,7
720,293,6,11
820,274,6,3
600,294,6,7
540,289,6,3
560,278,6,7
540,274,6,5
540,284,6,7
480,300,6,3
720,268,6,11
1060,291,6,11
540,286,6,3
640,300,6,5
640,258,6,5
800,296,6,11
720,290,6,7
500,291,6,3
880,295,6,11
840,285,6,5
560,297,6,5
660,287,6,5
480,311,6,5
640,297,6,7
480,267,6,3
660,296,6,5
600,283,6,3
720,278,6,5
940,281,6,7
640,285,6,3
700,274,6,5
620,300,6,5
540,284,6,5
680,282,6,5
480,289,6,3
540,278,6,3
620,305,6,7
540,256,6,3
340,286,6,3
520,279,6,7
560,287,6,3
500,299,6,3
680,276,6,5
760,272,6,7
720,284,6,5
680,284,6,5
580,289,6,5
560,300,6,3
700,290,6,7
540,292,6,3
740,303,6,11
420,271,6,3
580,299,6,7
740,293,6,17
540,281,6,5
560,291,6,5
680,327,6,7
700,289,6,5
740,274,6,7
640,311,6,7
640,296,6,3
500,298,6,3
500,294,6,3
600,299,6,5
620,299,6,3
460,262,6,3
600,277,6,5
640,312,6,5
560,289,6,5
620,294,6,5
600,280,6,7
600,281,6,3
600,277,6,3
720,304,6,5
640,321,6,5
760,275,6,11
440,295,6,3
420,286,6,3
680,306,6,7
520,304,6,5
560,274,6,5
400,294,6,3
540,318,6,7
660,289,6,7
680,281,6,5
840,295,6,7
620,301,6,5
820,268,6,5
660,295,6,7
800,276,6,3
700,288,6,7
660,299,6,5
680,280,6,7
700,303,6,7
720,273,6,7
720,293,6,5
860,298,6,5
520,271,6,3
800,283,6,5
780,295,6,5
1180,276,6,5
640,294,6,3
1000,287,6,13
740,294,6,5
880,302,6,7
1080,282,6,5
660,305,6,5
520,315,6,5
680,311,6,3
860,287,6,11
420,289,6,3
580,289,6,7
680,311,6,5
920,284,6,11
480,286,6,3
480,289,6,5
520,305,6,5
640,298,6,7
600,265,6,3
680,312,6,7
740,301,6,5
540,295,6,3
700,297,6,7
700,306,6,7
600,292,6,3
740,302,6,11
760,292,6,5
660,302,6,5
660,308,6,7
760,282,6,5
920,289,6,11
780,266,6,7
720,297,6,7
700,304,6,5
640,287,6,5
680,298,6,3
780,281,6,7
580,292,6,5
600,306,6,3
700,291,6,5
680,314,6,5
760,297,6,11
680,296,6,5
640,299,6,7
740,289,6,11
520,285,6,3
640,304,6,5
540,298,6,5
500,282,6,3
1020,299,6,7
700,300,6,5
880,309,6,11
680,295,6,7
700,295,6,5
440,281,6,3
660,296,6,5
740,280,6,5
680,301,6,7
560,306,6,3
540,308,6,7
660,308,6,5
420,302,6,3
640,296,6,7
580,301,6,5
660,296,6,5
540,313,6,3
500,297,6,3
480,297,6,3
700,282,6,5
800,302,6,7
820,291,6,11
740,274,6,7
720,274,6,5
940,292,6,11
560,305,6,5
560,296,6,3
660,315,6,7
540,288,6,3
680,301,6,11
680,297,6,7
480,303,6,3
720,297,6,5
460,305,6,3
560,281,6,7
540,278,6,7
520,299,6,3
540,275,6,5
520,291,6,3
580,299,6,5
520,295,6,5
640,276,6,7
700,297,6,11
840,283,6,7
860,311,6,13
920,293,6,11
700,304,6,5
780,309,6,7
680,293,6,7
480,316,6,3
720,297,6,7
580,291,6,3
540,298,6,3
600,286,6,5
480,304,6,5
620,323,6,5
380,298,6,3
560,334,6,5
900,302,6,7
880,299,6,7
1000,299,6,5
840,282,6,7
660,290,6,5
720,284,6,13
440,303,6,3
500,291,6,5
580,294,6,5
620,304,6,7
600,276,6,5
540,296,6,5
740,316,6,17
500,312,6,5
520,309,6,5
340,282,6,3
720,297,6,7
620,294,6,7
660,302,6,5
660,294,6,7
840,291,6,11
720,302,6,7
520,289,6,5
480,284,6,3
420,301,6,3
680,288,6,3
600,277,6,7
740,308,6,11
440,303,6,3
560,299,6,3
620,304,6,7
740,302,6,5
860,306,6,7
700,306,6,5
560,301,6,3
640,305,6,5
480,280,6,7
660,271,6,3
1200,300,6,7
640,285,6,3
900,320,6,5
560,307,6,3
760,276,6,3
860,302,6,5
860,301,6,5
740,281,6,7
860,314,6,5
620,300,6,5
540,301,6,5
660,309,6,11
420,282,6,3
580,276,6,7
620,299,6,5
500,272,6,3
740,292,6,7
600,283,6,3
740,305,6,5
640,309,6,7
500,309,6,3
540,284,6,3
500,307,6,3
480,306,6,3
600,309,6,5
460,292,6,3
580,306,6,5
520,305,6,5
540,312,6,7
660,299,6,5
860,287,6,7
740,278,6,7
680,313,6,5
700,302,6,5
600,288,6,3
720,291,6,7
660,296,6,5
680,308,6,5
640,280,6,3
480,312,6,3
620,305,6,7
480,296,6,3
840,316,6,5
580,308,6,3
500,303,6,3
480,311,6,3
800,294,6,11
800,281,6,11
720,303,6,5
560,293,6,5
680,288,6,7
560,308,6,7
860,302,6,5
720,305,6,5
880,299,6,11
500,322,6,5
720,301,6,5
540,296,6,3
800,308,6,5
640,300,6,5
680,307,6,5
520,306,6,3
520,307,6,3
640,295,6,5
640,269,6,5
500,294,6,3
640,299,6,5
600,304,6,3
760,305,6,7
580,304,6,3
640,303,6,5
720,293,6,7
500,284,6,3
700,273,6,7
500,292,6,3
780,313,6,5
620,285,6,7
540,305,6,5
600,314,6,5
700,303,6,7
540,282,6,5
740,303,6,5
580,300,6,5
680,292,6,5
720,307,6,7
820,304,6,5
700,327,6,7
620,294,6,3
480,312,6,3
660,303,6,5
460,301,6,3
580,300,6,7
560,291,6,5
680,310,6,5
580,318,6,3
600,291,6,7
660,298,6,7
720,314,6,5
820,314,6,11
520,304,6,3
720,298,6,5
560,301,6,7
840,297,6,5
620,307,6,5
880,316,6,11
560,293,6,3
800,299,6,11
560,308,6,5
720,299,6,5
520,301,6,3
780,324,6,7
640,303,6,3
780,299,6,13
580,301,6,5
700,295,6,5
760,315,6,7
700,296,6,5
540,312,6,3
740,287,6,11
800,283,6,5
520,291,6,3
620,303,6,7
640,324,6,7
680,287,6,7
660,309,6,3
580,310,6,3
660,276,6,7
820,319,6,5
540,304,6,3
760,297,6,7
580,293,6,7
720,308,6,7
540,293,6,3
660,292,6,7
520,292,6,5
840,300,6,7
520,307,6,5
660,292,6,5
880,294,6,11
540,301,6,3
760,304,6,5
880,319,6,3
720,313,6,5
760,304,6,5
820,278,6,7
400,315,6,3
600,292,6,5
600,293,6,3
520,277,6,3
620,314,6,5
520,275,6,5
840,301,6,7
620,309,6,5
620,293,6,5
620,291,6,3
580,315,6,7
420,287,6,3
560,289,6,5
620,312,6,5
600,303,6,5
560,291,6,3
660,309,6,5
580,273,6,3
560,306,6,3
700,295,6,3
640,296,6,7
600,300,6,5
540,300,6,3
660,296,6,5
620,303,6,5
620,299,6,5
620,291,6,5
600,293,6,3
580,318,6,5
920,311,6,7
860,304,6,5
680,305,6,5
640,295,6,5
560,307,6,3
580,307,6,3
500,294,6,3
720,317,6,7
660,288,6,3
1060,318,6,11
740,313,6,5
520,306,6,3
600,290,6,3
700,286,6,5
700,321,6,7
600,310,6,3
660,293,6,5
760,282,6,13
520,320,6,3
860,325,6,5
740,318,6,5
1020,301,6,3
880,285,6,11
760,285,6,3
540,302,6,5
820,304,6,5
560,310,6,3
740,326,6,5
600,294,6,7
840,317,6,7
900,295,6,7
740,307,6,3
740,284,6,7
680,320,6,3
860,315,6,5
540,290,6,5
9440,301,6,11
640,319,6,5
820,308,6,5
660,330,6,3
640,294,6,3
800,321,6,5
620,297,6,3
640,310,6,5
740,299,6,7
820,314,6,7
640,300,6,5
680,320,6,7
800,315,6,7
720,287,6,5
600,292,6,5
860,302,6,13
520,288,6,3
660,290,6,3
740,321,6,5
640,309,6,3
520,303,6,3
500,315,6,3
640,320,6,5
500,299,6,5
760,305,6,7
780,306,6,5
680,299,6,5
580,303,6,5
580,310,6,3
600,307,6,3
680,343,6,3
620,326,6,5
540,303,6,3
820,326,6,13
700,305,6,5
600,307,6,3
640,302,6,5
780,306,6,7
600,320,6,3
760,287,6,5
760,308,6,5
480,306,6,3
860,321,6,5
640,314,6,3
680,307,6,7
660,310,6,5
600,298,6,5
480,306,6,3
800,311,6,3
780,299,6,7
740,299,6,5
660,342,6,3
880,316,6,11
680,329,6,7
580,310,6,5
780,296,6,11
540,315,6,7
680,299,6,5
580,293,6,5
1140,294,6,7
720,313,6,3
780,315,6,7
940,297,6,7
700,307,6,3
1040,301,6,7
840,307,6,5
860,302,6,13
560,317,6,3
860,313,6,7
660,304,6,7
640,311,6,3
600,311,6,7
680,302,6,5
820,341,6,5
680,292,6,5
680,330,6,3
620,298,6,3
500,315,6,3
660,333,6,5
780,313,6,5
780,331,6,7
660,306,6,5
660,290,6,5
800,338,6,7
1020,322,6,5
660,316,6,5
1040,324,6,11
600,302,6,3
540,309,6,3
600,307,6,3
560,284,6,3
560,313,6,5
720,315,6,5
700,304,6,5
840,323,6,5
660,303,6,5
720,319,6,5
620,300,6,3
740,302,6,7
840,305,6,7
1040,285,6,13
760,310,6,3
540,315,6,3
720,318,6,7
800,308,6,11
700,307,6,5
580,299,6,7
780,291,6,7
760,315,6,7
680,299,6,7
760,323,6,5
580,289,6,5
740,299,6,5
720,319,6,7
760,300,6,11
780,303,6,7
800,301,6,11
420,321,6,3
540,315,6,5
560,301,6,5
600,283,6,5
620,301,6,5
660,310,6,7
640,301,6,7
700,312,6,7
820,330,6,11
1000,317,6,11
980,320,6,11
640,305,6,3
620,305,6,7
620,311,6,3
640,318,6,3
740,295,6,5
700,303,6,5
540,303,6,3
520,300,6,3
580,300,6,3
440,327,6,3
440,323,6,3
760,307,6,7
860,295,6,11
720,319,6,5
700,302,6,7
820,338,6,5
700,307,6,5
640,329,6,5
800,312,6,7
640,331,6,3
680,314,6,5
600,304,6,5
700,322,6,5
760,320,6,5
780,313,6,5
940,319,6,5
780,339,6,7
780,336,6,5
520,320,6,3
760,296,6,3
600,280,6,3
760,321,6,5
820,320,6,5
520,329,6,3
680,303,6,5
680,315,6,7
700,330,6,3
820,322,6,5
680,313,6,3
1060,309,6,5
960,308,6,5
1360,343,6,11
1140,312,6,7
840,311,6,5
6640,311,6,5
1460,317,6,5
1240,307,6,13
1560,318,6,11
840,292,6,5
600,332,6,5
780,318,6,5
600,300,6,5
640,327,6,5
720,314,6,11
620,304,6,5
840,314,6,7
700,300,6,3
820,314,6,7
1000,312,6,11
860,309,6,3
780,312,6,5
880,313,6,5
940,295,6,7
960,298,6,7
840,305,6,3
1560,318,6,11
700,327,6,3
740,317,6,3
1080,306,6,5
1180,307,6,7
660,300,6,7
920,302,6,5
700,306,6,5
680,327,6,5
580,327,6,5
640,342,6,7
620,327,6,11
500,309,6,7
600,326,6,5
640,314,6,7
660,303,6,7
680,301,6,3
960,298,6,11
760,326,6,3
680,317,6,3
820,318,6,5
560,314,6,3
740,313,6,3
760,322,6,5
960,323,6,11
700,308,6,3
1000,320,6,11
760,330,6,3
920,326,6,3
2540,322,6,7
920,317,6,5
960,302,6,7
960,310,6,7
760,311,6,3
960,307,6,7
820,304,6,5
940,323,6,7
780,305,6,5
600,321,6,5
760,306,6,7
700,333,6,3
800,303,6,5
660,310,6,3
600,320,6,7
880,319,6,7
800,320,6,5
940,321,6,5
840,305,6,5
1000,327,6,7
1140,328,6,11
840,323,6,5
780,331,6,5
800,304,6,7
520,317,6,3
760,298,6,5
860,336,6,5
780,334,6,3
760,312,6,5
980,324,6,5
820,315,6,7
900,330,6,7
1040,316,6,7
1180,329,6,11
940,330,6,11
980,310,6,5
720,330,6,7
840,330,6,5
980,310,6,5
980,335,6,7
1100,319,6,7
900,324,6,13
860,314,6,3
740,313,6,3
760,325,6,3
840,323,6,3
580,319,6,5
660,307,6,5
680,301,6,3
880,305,6,5
840,333,6,5
660,307,6,3
820,330,6,3
580,297,6,3
1080,317,6,5
740,332,6,3
780,310,6,7
700,316,6,11
460,319,6,3
580,309,6,5
680,322,6,5
600,324,6,3
760,335,6,5
780,329,6,5
640,315,6,3
820,322,6,5
780,316,6,3
900,341,6,3
940,340,6,5
740,309,6,3
1000,315,6,7
920,317,6,5
900,308,6,5
1100,325,6,7
1040,314,6,5
980,311,6,5
840,331,6,3
1040,339,6,7
1000,318,6,5
660,329,6,3
700,305,6,5
580,326,6,5
720,329,6,5
500,302,6,3
620,305,6,5
360,317,6,3
960,316,6,5
1100,325,6,5
1200,315,6,5
1160,331,6,11
840,323,6,5
840,302,6,13
700,315,6,5
620,324,6,3
860,323,6,7
640,309,6,3
1520,314,6,7
740,336,6,7
1020,337,6,5
520,326,6,3
740,306,6,5
580,314,6,3
800,315,6,5
680,337,6,3
640,315,6,5
620,327,6,5
540,324,6,3
600,333,6,5
760,324,6,5
720,323,6,7
820,326,6,7
540,315,6,3
1060,319,6,7
500,306,6,3
660,301,6,3
980,310,6,3
660,319,6,5
860,308,6,7
840,314,6,7
960,320,6,11
720,322,6,5
740,328,6,7
500,321,6,3
760,326,6,7
700,319,6,7
1060,344,6,7
600,355,6,3
640,315,6,5
680,323,6,7
800,282,6,7
760,336,6,7
940,334,6,7
780,337,6,5
960,320,6,5
1060,334,6,11
520,352,6,3
760,338,6,3
900,331,6,5
840,299,6,5
860,320,6,7
700,320,6,3
640,333,6,7
880,324,6,5
860,308,6,5
560,318,6,3
900,307,6,11
4480,332,6,3
700,313,6,5
760,347,6,5
780,319,6,7
800,306,6,7
880,317,6,3
700,314,6,3
920,321,6,11
940,336,6,5
960,321,6,5
1040,311,6,3
1400,335,6,7
740,339,6,5
880,315,6,5
800,327,6,5
660,327,6,3
460,324,6,3
560,320,6,5
520,325,6,7
620,315,6,5
500,307,6,5
440,319,6,3
760,342,6,7
1100,322,6,11
800,332,6,5
880,325,6,5
760,313,6,5
920,317,6,5
1020,330,6,11
840,345,6,5
580,315,6,3
780,324,6,5
740,339,6,3
660,326,6,3
800,334,6,5
660,299,6,3
800,312,6,7
660,309,6,3
680,322,6,3
740,351,6,7
880,337,6,11
860,318,6,5
800,325,6,5
900,312,6,5
1060,322,6,13
1020,304,6,7
740,320,6,5
860,308,6,3
820,329,6,3
780,332,6,5
640,317,6,3
900,355,6,5
520,331,6,3
600,305,6,3
680,331,6,5
900,301,6,11
560,325,6,3
820,346,6,11
1040,323,6,7
880,327,6,5
800,333,6,7
780,325,6,5
680,341,6,7
580,292,6,7
740,322,6,13
560,328,6,7
620,341,6,5
600,307,6,3
1020,330,6,13
760,325,6,5
860,326,6,11
820,336,6,3
680,333,6,5
820,325,6,7
720,339,6,5
1000,328,6,7
980,325,6,7
780,319,6,5
820,346,6,5
1140,314,6,5
840,309,6,7
1160,325,6,7
900,327,6,5
640,350,6,7
1020,332,6,7
640,345,6,7
520,337,6,7
640,332,6,5
880,332,6,11
700,329,6,5
660,324,6,5
780,336,6,5
840,327,6,5
740,312,6,5
580,334,6,3
760,322,6,7
680,336,6,5
780,345,6,5
640,326,6,3
500,312,6,3
620,354,6,3
440,341,6,3
640,321,6,3
900,336,6,7
640,314,6,5
780,312,6,5
680,316,6,5
700,343,6,5
780,309,6,5
680,324,6,5
840,326,6,3
760,333,6,13
560,316,6,5
680,319,6,3
860,313,6,7
820,318,6,5
620,320,6,5
920,334,6,11
620,325,6,3
560,355,6,3
820,334,6,5
880,300,6,11
620,327,6,3
640,330,6,3
820,328,6,5
760,318,6,3
900,327,6,11
760,325,6,7
700,334,6,3
740,312,6,5
900,346,6,13
640,340,6,3
520,352,6,3
660,334,6,5
760,320,6,5
500,319,6,3
920,340,6,11
660,322,6,5
820,338,6,11
600,336,6,3
660,329,6,5
760,314,6,13
720,337,6,7
900,322,6,7
780,316,6,5
640,340,6,5
980,319,6,11
480,332,6,3
680,343,6,5
620,321,6,3
620,305,6,3
640,324,6,3
840,342,6,7
800,333,6,5
880,333,6,5
680,342,6,3
960,345,6,7
880,322,6,3
720,342,6,5
1040,318,6,5
820,347,6,7
800,353,6,5
780,338,6,3
720,312,6,7
820,312,6,5
960,308,6,5
820,327,6,5
600,329,6,7
740,323,6,5
680,336,6,3
660,319,6,3
660,314,6,3
880,330,6,11
760,340,6,7
820,314,6,3
760,339,6,3
680,343,6,7
740,303,6,3
900,326,6,5
840,347,6,3
860,326,6,11
820,311,6,5
1060,329,6,7
920,333,6,5
580,335,6,3
800,313,6,5
780,312,6,5
600,324,6,7
680,327,6,5
720,328,6,5
680,329,6,5
660,334,6,3
580,339,6,5
820,332,6,5
800,333,6,7
560,329,6,5
540,323,6,3
820,333,6,11
920,330,6,11
700,340,6,7
900,328,6,5
640,334,6,3
600,309,6,3
640,339,6,5
540,311,6,3
700,339,6,5
560,339,6,5
560,306,6,7
700,331,6,5
600,311,6,7
600,335,6,3
580,306,6,5
780,326,6,7
720,347,6,7
900,330,6,11
640,327,6,5
860,315,6,5
700,333,6,5
600,346,6,5
540,311,6,3
540,316,6,5
660,330,6,3
720,344,6,7
720,337,6,7
680,338,6,5
740,356,6,5
560,337,6,3
660,323,6,5
14040,312,6,7
800,334,6,5
780,348,6,5
720,332,6,5
780,344,6,7
760,333,6,5
700,328,6,5
680,326,6,3
860,332,6,5
3960,327,6,7
620,326,6,3
1000,360,6,5
620,319,6,3
600,343,6,3
720,321,6,7
1020,346,6,11
900,329,6,7
700,331,6,5
640,348,6,3
800,308,6,5
580,340,6,3
620,334,6,3
780,341,6,5
720,348,6,5
580,311,6,3
720,335,6,5
700,337,6,5
600,341,6,3
800,329,6,5
680,329,6,5
620,336,6,5
480,335,6,3
740,333,6,5
660,326,6,3
540,324,6,5
740,333,6,5
520,328,6,3
800,350,6,7
1100,312,6,5
860,331,6,3
980,343,6,11
860,355,6,7
1040,355,6,11
400,337,6,3
580,337,6,5
640,339,6,3
700,346,6,7
360,350,6,3
400,337,6,3
480,337,6,3
520,326,6,3
640,352,6,3
620,329,6,7
820,354,6,11
500,330,6,3
800,340,6,11
840,338,6,7
780,329,6,5
640,314,6,5
660,357,6,3
620,331,6,5
740,351,6,5
660,323,6,7
720,333,6,5
680,328,6,5
740,331,6,5
660,325,6,3
520,346,6,3
620,330,6,3
800,340,6,5
720,348,6,5
540,333,6,3
680,324,6,5
420,301,6,3
720,310,6,7
740,329,6,5
780,346,6,5
680,332,6,5
540,333,6,3
880,326,6,11
780,323,6,5
820,330,6,7
800,348,6,5
700,362,6,3
520,338,6,3
800,320,6,7
660,335,6,7
720,309,6,5
680,338,6,5
700,327,6,3
940,328,6,7
1100,338,6,11
720,334,6,5
720,346,6,7
760,337,6,5
860,325,6,5
800,319,6,5
900,342,6,7
1140,309,6,7
620,343,6,3
600,342,6,3
740,352,6,5
520,353,6,5
540,332,6,3
740,346,6,7
660,330,6,7
600,341,6,5
640,319,6,5
660,342,6,3
700,341,6,5
820,333,6,11
640,332,6,5
720,329,6,5
680,344,6,5
520,329,6,3
860,334,6,11
800,332,6,5
580,310,6,3
940,331,6,11
800,356,6,5
720,323,6,5
960,344,6,19
780,340,6,5
820,353,6,3
720,347,6,5
740,367,6,7
860,343,6,5
920,332,6,13
760,321,6,5
720,336,6,5
660,347,6,5
720,339,6,11
700,324,6,5
1000,333,6,17
600,335,6,5
560,327,6,3
640,322,6,5
740,325,6,7
700,332,6,3
820,352,6,5
580,324,6,3
680,338,6,3
720,340,6,5
1280,327,6,7
980,340,6,7
960,357,6,7
720,357,6,5
960,350,6,5
1180,359,6,5
960,340,6,5
660,332,6,3
760,354,6,7
620,330,6,5
620,343,6,7
660,336,6,5
700,359,6,5
640,332,6,5
880,348,6,13
860,335,6,5
820,335,6,11
620,354,6,7
820,321,6,11
640,356,6,5
640,354,6,11
720,332,6,5
800,333,6,5
580,329,6,3
720,355,6,5
580,351,6,3
720,324,6,5
880,339,6,7
700,343,6,5
760,354,6,5
660,343,6,5
760,334,6,7
760,346,6,7
660,338,6,3
760,347,6,5
580,345,6,3
600,356,6,3
700,326,6,3
1180,322,6,17
760,362,6,3
900,370,6,5
940,331,6,5
640,336,6,3
640,322,6,5
640,319,6,3
720,346,6,5
640,340,6,3
580,328,6,3
580,315,6,3
800,349,6,5
700,345,6,3
4160,329,6,5
620,320,6,5
620,366,6,3
680,322,6,5
460,331,6,3
600,322,6,5
620,352,6,3
700,331,6,3
740,367,6,3
700,324,6,5
760,332,6,3
800,331,6,5
720,339,6,3
780,331,6,7
620,320,6,5
560,330,6,5
700,344,6,5
780,347,6,5
760,285,6,5
600,343,6,3
840,336,6,11
820,353,6,7
700,358,6,3
680,333,6,5
800,336,6,7
580,373,6,3
580,362,6,3
880,341,6,11
820,339,6,5
680,324,6,3
920,353,6,11
800,345,6,3
800,345,6,13
620,325,6,3
640,329,6,7
760,344,6,7
1000,357,6,11
720,314,6,5
860,343,6,5
900,333,6,17
620,349,6,5
900,356,6,5
600,348,6,3
720,318,6,7
600,350,6,3
660,349,6,5
860,340,6,11
880,351,6,5
660,330,6,3
880,356,6,7
960,321,6,5
940,337,6,5
960,337,6,5
760,328,6,7
760,344,6,7
720,336,6,5
720,332,6,5
740,374,6,5
960,336,6,3
480,336,6,3
780,347,6,5
780,326,6,5
680,326,6,7
720,346,6,5
820,368,6,7
600,329,6,3
720,365,6,5
700,341,6,5
540,344,6,3
620,338,6,5
920,333,6,13
860,341,6,7
980,321,6,11
900,343,6,5
720,353,6,7
680,302,6,5
700,337,6,7
640,338,6,5
680,341,6,7
640,340,6,5
760,357,6,5
800,339,6,7
980,332,6,7
800,344,6,5
800,355,6,5
700,347,6,3
500,325,6,3
700,335,6,5
680,358,6,5
740,349,6,5
720,346,6,7
920,352,6,11
740,361,6,5
740,332,6,7
560,354,6,3
880,339,6,11
620,357,6,5
640,340,6,3
760,346,6,5
880,336,6,11
860,348,6,5
800,347,6,5
720,353,6,5
940,344,6,11
720,335,6,5
720,318,6,3
860,343,6,5
680,342,6,3
740,338,6,5
620,355,6,5
660,361,6,7
620,357,6,3
640,371,6,5
700,352,6,7
760,365,6,7
660,320,6,5
600,348,6,3
720,332,6,5
620,326,6,3
580,366,6,3
720,349,6,7
720,360,6,5
680,349,6,5
640,337,6,7
720,347,6,5
860,344,6,5
740,308,6,5
860,349,6,5
1040,330,6,11
740,354,6,3
760,361,6,7
860,313,6,5
540,336,6,7
500,346,6,5
560,347,6,3
820,346,6,11
560,348,6,5
680,329,6,5
880,326,6,7
840,359,6,5
660,325,6,5
700,361,6,3
800,346,6,5
700,329,6,5
1100,352,6,7
720,347,6,7
860,339,6,7
880,353,6,3
800,333,6,7
640,365,6,5
660,345,6,5
720,351,6,3
720,314,6,7
560,368,6,3
800,345,6,5
880,321,6,7
840,341,6,5
640,336,6,5
720,331,6,5
700,353,6,5
600,350,6,7
760,334,6,7
1020,341,6,7
800,333,6,5
600,353,6,3
780,354,6,7
820,339,6,7
860,341,6,7
680,355,6,5
800,337,6,7
500,341,6,3
860,356,6,5
680,354,6,3
740,348,6,5
780,356,6,5
840,365,6,5
740,349,6,3
720,331,6,5
760,344,6,5
780,341,6,5
840,330,6,5
660,349,6,3
980,340,6,11
740,338,6,5
700,348,6,5
660,376,6,5
680,347,6,5
720,374,6,5
880,322,6,5
860,334,6,5
920,380,6,7
940,343,6,11
760,371,6,7
720,350,6,5
640,327,6,3
640,357,6,5
700,340,6,5
700,344,6,3
700,318,6,3
740,345,6,5
880,338,6,5
800,322,6,7
620,365,6,5
600,356,6,3
640,316,6,5
660,337,6,5
480,314,6,3
540,344,6,3
760,344,6,5
680,362,6,5
800,357,6,5
880,374,6,7
680,360,6,7
600,339,6,5
720,370,6,5
580,324,6,3
800,332,6,5
740,344,6,7
780,346,6,7
720,332,6,7
780,354,6,7
720,348,6,5
640,331,6,3
660,345,6,7
700,338,6,3
640,346,6,3
840,332,6,11
620,335,6,3
560,349,6,3
700,339,6,5
700,341,6,5
760,345,6,7
700,340,6,5
840,353,6,11
860,341,6,7
820,380,6,5
840,355,6,11
660,345,6,5
580,322,6,5
760,350,6,7
800,354,6,3
620,330,6,3
660,346,6,3
680,350,6,3
1060,341,6,11
660,354,6,5
920,342,6,7
460,345,6,3
720,346,6,7
700,332,6,5
540,329,6,3
760,363,6,5
560,359,6,3
700,354,6,3
580,351,6,5
600,346,6,3
740,358,6,5
700,368,6,5
940,354,6,13
600,346,6,5
880,387,6,5
960,361,6,5
840,352,6,5
880,328,6,5
840,344,6,3
700,341,6,5
740,349,6,5
760,344,6,5
760,348,6,5
820,359,6,7
1000,364,6,3
800,347,6,5
740,343,6,7
560,364,6,5
720,358,6,3
700,343,6,5
760,358,6,7
780,349,6,5
920,348,6,5
560,352,6,3
780,364,6,5
880,343,6,7
620,349,6,3
840,349,6,5
640,353,6,3
820,324,6,5
700,354,6,7
720,343,6,5
780,363,6,7
700,351,6,5
720,338,6,5
680,363,6,5
760,367,6,7
760,326,6,5
700,358,6,7
1040,352,6,7
640,346,6,5
1000,351,6,13
840,359,6,5
820,372,6,5
720,330,6,7
800,362,6,11
640,342,6,7
860,372,6,11
780,373,6,7
540,358,6,3
820,348,6,5
920,371,6,5
820,363,6,5
780,360,6,7
720,330,6,5
640,357,6,3
580,358,6,3
740,365,6,7
780,333,6,5
900,347,6,11
580,333,6,7
860,350,6,7
540,361,6,3
600,369,6,3
780,372,6,7
820,368,6,7
540,337,6,3
580,358,6,3
680,363,6,7
780,375,6,7
560,350,6,3
700,379,6,5
860,365,6,7
620,347,6,7
660,352,6,7
780,373,6,3
700,332,6,3
720,358,6,5
840,341,6,5
560,364,6,5
400,338,6,3
740,373,6,11
840,359,6,11
740,365,6,5
760,350,6,5
920,363,6,11
860,378,6,11
700,360,6,5
940,369,6,3
900,361,6,7
660,331,6,3
680,334,6,7
580,361,6,3
700,349,6,3
640,356,6,3
760,329,6,5
680,354,6,3
720,341,6,5
540,361,6,3
880,349,6,7
700,374,6,7
700,339,6,7
560,359,6,3
640,343,6,3
580,388,6,3
780,342,6,5
860,341,6,7
800,360,6,7
900,337,6,11
620,347,6,3
640,352,6,3
960,330,6,7
580,366,6,3
500,336,6,3
680,370,6,5
680,379,6,5
640,363,6,3
680,363,6,5
720,347,6,5
920,373,6,7
940,390,6,7
1100,334,6,17
840,358,6,11
720,363,6,5
660,356,6,5
880,350,6,13
720,376,6,3
560,346,6,5
800,341,6,5
680,371,6,3
820,340,6,13
580,370,6,5
720,351,6,5
760,348,6,3
660,366,6,5
740,344,6,5
740,364,6,7
720,363,6,3
760,361,6,5
640,344,6,5
700,356,6,5
860,361,6,5
820,374,6,5
760,348,6,7
640,364,6,5
600,362,6,3
760,351,6,5
660,355,6,7
620,353,6,5
480,364,6,5
720,382,6,5
620,340,6,3
920,393,6,11
780,342,6,5
3260,381,6,5
660,373,6,5
680,380,6,3
500,360,6,3
820,376,6,7
620,338,6,7
840,358,6,5
600,355,6,3
700,354,6,5
920,350,6,7
880,337,6,11
780,354,6,13
680,356,6,3
800,355,6,7
720,363,6,3
440,340,6,3
860,339,6,7
840,355,6,3
560,364,6,3
760,349,6,5
1020,351,6,7
640,369,6,5
660,357,6,3
800,368,6,5
760,366,6,7
880,337,6,5
780,381,6,3
900,364,6,5
820,364,6,13
720,348,6,3
880,363,6,5
600,353,6,3
920,344,6,11
580,353,6,7
780,392,6,5
660,344,6,5
620,363,6,5
680,359,6,5
640,342,6,5
920,378,6,11
700,379,6,5
760,387,6,5
760,358,6,5
760,348,6,5
680,362,6,5
660,350,6,5
840,341,6,5
1380,368,6,3
960,347,6,5
600,353,6,7
620,353,6,5
560,346,6,5
560,341,6,7
560,339,6,7
640,363,6,3
680,390,6,5
640,363,6,5
580,373,6,3
600,380,6,5
920,366,6,11
680,360,6,7
720,355,6,7
680,383,6,5
580,367,6,5
760,369,6,7
760,377,6,5
720,363,6,5
780,357,6,7
680,362,6,5
640,359,6,3
520,375,6,5
720,345,6,7
880,367,6,7
520,343,6,3
1020,380,6,5
900,349,6,5
740,343,6,11
500,358,6,3
600,368,6,7
560,362,6,5
540,377,6,7
800,382,6,5
3220,398,6,5
660,365,6,5
420,362,6,3
820,378,6,5
620,368,6,7
540,383,6,3
660,351,6,3
880,352,6,7
780,342,6,5
1260,365,6,13
780,350,6,11
700,347,6,3
600,363,6,5
640,353,6,7
880,334,6,7
620,370,6,5
700,352,6,5
540,343,6,5
460,365,6,3
800,344,6,7
660,350,6,3
600,356,6,3
960,392,6,11
620,342,6,3
600,385,6,3
1100,373,6,13
720,357,6,3
600,345,6,3
740,341,6,7
1020,365,6,11
680,350,6,3
640,360,6,5
700,362,6,7
540,358,6,3
620,345,6,3
840,364,6,5
980,359,6,7
560,363,6,3
560,344,6,3
800,358,6,5
600,363,6,3
520,324,6,3
660,363,6,7
920,342,6,11
840,347,6,5
680,347,6,5
800,365,6,7
800,354,6,5
760,376,6,7
660,344,6,7
600,352,6,3
780,374,6,3
620,370,6,5
900,350,6,13
600,353,6,5
820,378,6,7
660,365,6,3
740,379,6,3
780,368,6,5
800,368,6,11
740,352,6,5
700,362,6,3
580,361,6,3
720,388,6,5
800,367,6,5
680,399,6,7
920,365,6,11
600,363,6,3
760,351,6,11
680,360,6,5
880,341,6,7
760,357,6,5
440,347,6,3
640,377,6,5
920,375,6,11
700,348,6,5
560,368,6,3
640,370,6,7
580,353,6,3
820,346,6,5
980,378,6,11
580,360,6,5
600,361,6,3
840,361,6,7
640,348,6,5
520,356,6,5
680,361,6,7
700,384,6,5
740,348,6,7
840,346,6,5
1060,348,6,11
560,370,6,3
880,337,6,5
640,381,6,3
620,360,6,5
820,367,6,5
680,357,6,3
720,393,6,7
700,366,6,5
760,377,6,3
660,359,6,3
800,350,6,7
700,380,6,5
660,370,6,7
680,362,6,5
800,357,6,5
800,355,6,5
820,363,6,7
860,341,6,5
1040,356,6,7
780,347,6,5
620,355,6,3
660,351,6,3
520,375,6,3
1020,359,6,17
600,377,6,7
860,359,6,11
600,388,6,3
700,389,6,5
740,365,6,7
620,373,6,3
780,380,6,5
740,376,6,5
860,383,6,3
760,356,6,3
640,345,6,5
720,370,6,7
780,372,6,11
640,369,6,3
780,381,6,5
740,363,6,5
780,359,6,7
620,345,6,3
780,376,6,5
620,366,6,5
780,379,6,5
660,375,6,5
620,357,6,5
860,349,6,7
700,359,6,7
640,338,6,5
600,341,6,3
600,364,6,3
740,359,6,5
600,354,6,7
560,375,6,3
560,352,6,3
840,371,6,5
680,384,6,5
880,371,6,5
680,365,6,3
640,373,6,3
840,352,6,5
800,381,6,7
800,335,6,5
560,378,6,3
720,379,6,5
800,374,6,7
700,327,6,5
600,367,6,5
860,380,6,11
860,386,6,5
700,371,6,3
800,357,6,5
780,350,6,7
600,359,6,3
620,336,6,5
820,364,6,17
560,368,6,3
720,352,6,5
780,391,6,5
660,375,6,3
680,362,6,3
800,347,6,7
740,347,6,5
760,367,6,5
520,390,6,3
660,358,6,3
560,359,6,3
680,381,6,5
640,360,6,5
620,353,6,5
600,359,6,5
720,358,6,7
700,386,6,5
860,353,6,13
780,374,6,7
720,396,6,5
760,346,6,5
660,362,6,5
820,386,6,5
700,382,6,5
740,382,6,5
700,392,6,3
940,355,6,7
960,358,6,5
620,371,6,3
580,348,6,3
780,365,6,3
800,385,6,5
720,365,6,5
480,343,6,3
920,385,6,5
860,395,6,5
800,348,6,5
940,412,6,13
700,365,6,7
800,382,6,13
520,354,6,3
740,387,6,7
700,392,6,3
820,360,6,5
820,390,6,5
1000,356,6,5
780,361,6,5
600,372,6,3
540,364,6,3
600,354,6,3
940,351,6,7
920,360,6,5
740,373,6,5
700,346,6,7
820,374,6,7
660,382,6,3
700,361,6,3
640,377,6,3
700,389,6,7
640,354,6,3
840,375,6,11
720,377,6,3
820,367,6,5
820,373,6,7
700,380,6,5
760,350,6,7
940,369,6,5
700,348,6,3
640,387,6,3
740,365,6,5
800,376,6,7
780,341,6,5
680,371,6,5
920,380,6,11
780,387,6,5
800,371,6,3
720,363,6,3
720,360,6,7
800,360,6,5
780,385,6,7
540,382,6,3
720,352,6,3
640,351,6,3
940,368,6,11
620,396,6,5
640,357,6,3
680,365,6,3
900,380,6,11
780,369,6,5
640,364,6,3
680,388,6,3
620,379,6,3
780,372,6,7
680,377,6,5
680,346,6,5
900,348,6,5
920,388,6,7
760,367,6,5
920,364,6,7
640,363,6,3
700,343,6,3
1020,354,6,11
740,350,6,3
620,352,6,5
680,375,6,3
940,358,6,11
1000,371,6,5
820,386,6,7
520,355,6,3
620,383,6,5
800,370,6,7
820,379,6,5
780,363,6,5
760,386,6,7
720,375,6,7
480,372,6,3
760,410,6,7
740,372,6,5
860,374,6,7
1040,379,6,5
760,371,6,5
680,370,6,3
740,372,6,3
720,388,6,3
640,367,6,3
740,376,6,5
1040,378,6,5
1000,392,6,7
740,382,6,5
640,391,6,3
840,367,6,11
700,372,6,3
700,363,6,7
820,370,6,5
780,367,6,3
740,387,6,3
900,360,6,5
640,369,6,3
880,370,6,5
840,382,6,5
860,386,6,7
640,372,6,3
900,383,6,7
760,377,6,3
740,376,6,5
640,369,6,3
820,381,6,5
800,362,6,5
860,354,6,7
1600,383,6,11
680,372,6,3
860,371,6,7
600,364,6,3
900,372,6,7
860,397,6,11
960,363,6,7
800,390,6,7
520,379,6,3
720,369,6,5
840,387,6,5
1060,388,6,7
780,357,6,5
940,410,6,11
920,379,6,5
980,368,6,5
680,378,6,3
760,370,6,7
620,362,6,5
820,384,6,5
940,390,6,3
720,379,6,3
1180,366,6,13
780,378,6,5
860,389,6,7
680,366,6,3
720,369,6,5
620,356,6,3
720,384,6,3
940,366,6,11
620,349,6,3
700,363,6,7
540,388,6,3
4040,343,6,5
860,370,6,3
1100,375,6,5
840,376,6,3
820,389,6,5
740,363,6,5
800,380,6,5
640,380,6,3
600,381,6,3
600,402,6,3
860,392,6,5
680,359,6,5
720,397,6,7
760,392,6,5
800,383,6,7
700,373,6,5
640,373,6,3
760,375,6,5
900,374,6,7
540,363,6,3
760,366,6,5
640,382,6,5
760,412,6,3
900,368,6,7
600,373,6,3
760,382,6,3
840,371,6,5
620,393,6,5
740,368,6,7
920,373,6,5
720,369,6,5
640,391,6,7
580,379,6,3
800,358,6,7
880,373,6,7
840,343,6,5
660,386,6,3
760,372,6,5
780,367,6,3
640,362,6,3
1000,353,6,13
640,358,6,3
720,381,6,7
680,376,6,5
680,371,6,5
560,378,6,3
960,372,6,5
680,358,6,3
780,348,6,5
580,361,6,3
640,387,6,5
700,369,6,7
740,378,6,5
680,370,6,3
780,388,6,7
600,358,6,3
660,363,6,3
840,394,6,5
700,397,6,3
900,363,6,7
920,377,6,11
900,386,6,5
720,384,6,3
780,380,6,5
740,381,6,3
940,360,6,11
680,375,6,3
760,387,6,7
800,393,6,13
660,365,6,7
700,379,6,5
600,381,6,3
880,385,6,5
940,362,6,13
920,387,6,11
680,381,6,3
660,371,6,3
660,373,6,3
860,379,6,5
1020,385,6,11
700,366,6,5
760,390,6,5
700,368,6,3
880,393,6,5
860,365,6,11
680,359,6,5
500,353,6,3
1020,380,6,7
1000,378,6,11
820,376,6,5
680,361,6,3
740,373,6,5
780,387,6,7
460,379,6,3
780,382,6,5
620,390,6,3
980,377,6,13
900,384,6,5
980,374,6,7
780,386,6,3
720,388,6,5
800,350,6,7
740,369,6,5
1060,395,6,5
600,384,6,3
780,403,6,5
940,394,6,11
880,392,6,7
740,375,6,5
660,400,6,3
860,394,6,5
640,377,6,3
720,372,6,3
700,385,6,3
620,372,6,3
840,380,6,5
760,392,6,5
860,345,6,7
940,395,6,7
540,362,6,3
720,362,6,5
760,393,6,5
600,390,6,3
580,380,6,3
560,372,6,3
740,390,6,7
800,400,6,7
680,385,6,3
700,384,6,3
680,396,6,5
580,396,6,3
860,392,6,5
940,396,6,5
840,387,6,5
1180,373,6,5
1560,381,6,7
1000,387,6,5
440,375,6,3
600,378,6,5
500,380,6,3
560,385,6,5
440,363,6,3
780,368,6,11
880,405,6,5
800,377,6,5
820,392,6,7
740,385,6,3
720,363,6,5
740,382,6,7
1120,384,6,17
820,377,6,7
800,415,6,5
780,365,6,5
840,387,6,5
620,356,6,3
940,409,6,5
840,375,6,3
780,359,6,7
980,403,6,5
860,395,6,11
680,396,6,5
1020,397,6,11
760,403,6,5
780,400,6,5
740,399,6,7
520,358,6,3
820,382,6,3
920,363,6,5
820,364,6,7
800,361,6,5
760,387,6,3
820,401,6,7
920,367,6,11
900,378,6,7
820,372,6,7
800,402,6,5
720,356,6,7
920,373,6,7
960,414,6,7
800,393,6,7
740,363,6,3
820,397,6,7
640,391,6,3
560,382,6,3
680,363,6,7
740,395,6,5
900,386,6,7
960,387,6,13
700,394,6,7
920,382,6,5
880,391,6,5
640,377,6,3
540,359,6,3
600,387,6,7
640,367,6,3
800,370,6,5
800,392,6,7
700,383,6,5
660,375,6,3
740,389,6,5
640,368,6,3
900,380,6,11
660,372,6,3
720,389,6,3
780,358,6,5
860,400,6,7
740,387,6,5
900,379,6,7
700,402,6,5
760,365,6,5
980,373,6,11
680,389,6,3
640,388,6,3
860,399,6,5
680,369,6,3
660,358,6,3
540,418,6,3
860,385,6,7
800,380,6,5
820,404,6,5
700,369,6,3
720,383,6,3
680,393,6,5
1080,401,6,11
700,381,6,5
880,371,6,7
800,394,6,5
740,377,6,3
740,377,6,5
1040,357,6,7
1040,401,6,7
740,371,6,3
740,379,6,5
720,403,6,7
620,376,6,5
720,392,6,5
860,374,6,13
720,381,6,7
1020,403,6,11
960,389,6,11
780,370,6,5
720,390,6,3
820,384,6,11
560,384,6,3
760,363,6,3
920,389,6,11
840,384,6,11
500,369,6,3
700,378,6,5
640,397,6,5
680,394,6,5
660,399,6,5
780,385,6,7
820,387,6,5
820,389,6,7
800,393,6,5
700,392,6,5
580,375,6,3
900,369,6,3
720,400,6,3
1060,391,6,5
660,379,6,3
720,363,6,5
820,385,6,5
760,373,6,7
600,387,6,3
740,387,6,7
760,382,6,3
700,393,6,5
840,398,6,5
560,369,6,3
840,394,6,5
860,396,6,7
840,387,6,5
780,376,6,5
940,396,6,3
920,382,6,7
700,402,6,3
940,379,6,5
700,396,6,5
600,366,6,5
720,395,6,5
660,404,6,3
540,379,6,3
660,379,6,5
840,408,6,5
880,402,6,7
700,395,6,5
760,382,6,5
920,406,6,7
760,383,6,5
860,377,6,5
800,397,6,3
680,383,6,3
780,381,6,5
960,385,6,7
960,389,6,11
760,393,6,7
660,400,6,3
900,387,6,7
860,384,6,5
1000,391,6,5
820,401,6,7
780,379,6,3
980,380,6,3
740,389,6,5
660,407,6,5
980,401,6,7
920,396,6,5
840,397,6,11
760,398,6,5
920,388,6,3
740,386,6,5
540,381,6,3
700,401,6,3
680,388,6,5
580,377,6,3
580,387,6,3
740,390,6,3
1060,378,6,5
860,371,6,5
720,426,6,5
720,389,6,7
700,385,6,7
760,395,6,5
840,403,6,5
780,425,6,3
700,400,6,3
1000,405,6,11
860,409,6,7
860,392,6,7
720,376,6,3
920,390,6,13
960,375,6,13
940,399,6,7
800,400,6,5
760,381,6,11
860,386,6,11
800,393,6,7
780,425,6,5
960,397,6,5
860,394,6,5
780,373,6,5
740,378,6,3
780,376,6,5
860,418,6,7
880,387,6,5
840,401,6,5
760,403,6,5
820,389,6,5
400,385,6,3
740,400,6,13
860,376,6,5
660,418,6,5
1000,360,6,13
1000,376,6,11
860,387,6,11
720,400,6,5
660,385,6,3
820,368,6,5
640,391,6,3
760,400,6,5
740,403,6,5
900,390,6,5
760,393,6,5
760,389,6,5
740,398,6,5
640,375,6,3
860,388,6,7
680,392,6,3
600,422,6,3
920,370,6,5
820,380,6,5
960,396,6,7
760,376,6,5
740,368,6,5
980,399,6,13
1200,392,6,7
1040,410,6,7
1040,374,6,3
1140,369,6,5
1480,382,6,5
1240,400,6,5
720,379,6,3
540,388,6,5
1000,365,6,7
680,385,6,5
1140,381,6,7
1280,394,6,7
2500,390,6,7
1300,384,6,3
1040,397,6,3
1680,399,6,13
1440,413,6,5
1120,383,6,5
920,411,6,7
1100,380,6,7
960,384,6,11
780,390,6,7
980,386,6,5
1120,363,6,5
840,382,6,3
1220,369,6,5
1400,375,6,3
1200,382,6,5
1020,395,6,11
1000,390,6,3
640,411,6,5
820,387,6,5
1060,367,6,5
960,385,6,5
1080,405,6,5
1180,396,6,5
860,395,6,5
820,396,6,3
1360,401,6,7
880,405,6,3
1240,388,6,11
960,387,6,5
800,368,6,3
1180,382,6,3
1280,396,6,7
1180,399,6,5
1100,412,6,5
1080,410,6,7
1000,377,6,7
1080,410,6,5
1000,410,6,3
940,413,6,3
1200,385,6,7
1140,378,6,5
1240,379,6,5
1000,410,6,7
1240,364,6,7
640,385,6,7
840,398,6,5
920,381,6,5
760,401,6,3
980,374,6,3
920,390,6,3
4000,377,6,5
1160,373,6,5
1120,403,6,3
760,391,6,5
1100,389,6,11
1100,419,6,7
700,386,6,5
880,384,6,3
1540,393,6,5
1220,394,6,3
1520,401,6,5
1220,400,6,3
1180,402,6,5
1080,396,6,3
1100,366,6,7
1220,396,6,5
980,403,6,3
1000,406,6,5
960,389,6,7
960,369,6,3
1260,378,6,7
1000,393,6,7
960,385,6,5
1080,386,6,3
740,400,6,5
940,387,6,5
880,394,6,7
700,407,6,3
1000,400,6,11
880,368,6,3
800,387,6,3
1000,417,6,3
1140,388,6,7
1020,397,6,11
1060,406,6,11
780,390,6,5
980,396,6,11
700,375,6,11
540,386,6,3
1040,397,6,5
660,390,6,3
760,398,6,3
640,415,6,3
880,404,6,7
860,377,6,5
1020,397,6,3
840,384,6,3
820,395,6,7
700,394,6,5
860,409,6,5
680,378,6,3
820,407,6,5
820,397,6,5
760,395,6,5
860,392,6,5
760,403,6,3
720,428,6,3
900,397,6,5
860,382,6,5
920,424,6,5
1020,382,6,5
1040,396,6,11
660,388,6,7
700,390,6,3
740,372,6,3
980,395,6,11
980,391,6,3
900,404,6,3
1020,393,6,5
1020,376,6,3
1000,405,6,5
1020,397,6,7
1000,388,6,5
1480,393,6,17
1200,414,6,5
740,411,6,7
700,384,6,7
1180,399,6,5
980,417,6,7
1020,397,6,5
1200,391,6,5
1280,416,6,5
560,428,6,3
1140,404,6,7
760,383,6,7
3960,390,6,5
1140,403,6,11
880,405,6,3
920,390,6,5
920,409,6,5
840,409,6,3
1100,402,6,5
1140,387,6,5
2160,413,6,5
1060,403,6,7
760,416,6,11
1120,399,6,7
700,394,6,3
1540,388,6,5
820,409,6,3
1240,405,6,11
920,384,6,5
1240,398,6,11
840,391,6,5
700,392,6,3
760,390,6,3
1460,406,6,5
780,399,6,3
840,382,6,3
1120,390,6,5
700,382,6,3
920,398,6,7
1180,406,6,5
1000,383,6,5
880,413,6,3
980,410,6,7
860,401,6,5
960,397,6,7
960,407,6,5
1240,406,6,17
1300,393,6,3
700,406,6,3
880,425,6,7
960,390,6,5
1120,399,6,5
1100,412,6,7
1060,391,6,5
900,388,6,3
860,393,6,5
880,404,6,5
720,398,6,5
1120,408,6,7
880,399,6,5
1040,404,6,3
980,381,6,5
1020,420,6,5
700,408,6,3
860,420,6,3
940,396,6,5
980,384,6,5
720,377,6,3
1160,377,6,5
840,409,6,5
1000,378,6,5
820,440,6,5
980,385,6,13
840,404,6,3
840,416,6,5
860,422,6,5
760,396,6,3
880,365,6,3
700,416,6,3
740,407,6,3
780,415,6,3
940,410,6,5
780,394,6,5
760,408,6,3
920,400,6,5
880,402,6,7
840,393,6,3
720,395,6,3
840,399,6,5
980,427,6,5
760,408,6,3
700,391,6,3
820,365,6,7
840,388,6,3
820,396,6,5
740,421,6,3
860,411,6,5
920,405,6,5
1060,373,6,5
1100,384,6,5
1480,399,6,5
1040,417,6,3
1460,393,6,5
2140,410,6,3
820,388,6,5
660,406,6,3
980,405,6,3
1520,408,6,3
940,397,6,11
1360,372,6,7
1060,410,6,7
1060,414,6,3
1200,402,6,7
1100,385,6,5
1480,402,6,11
1260,407,6,3
1160,408,6,5
900,425,6,5
940,427,6,5
1040,403,6,5
760,429,6,3
680,378,6,3
860,392,6,5
1200,377,6,5
1000,383,6,7
1040,423,6,3
1300,404,6,5
940,409,6,3
860,417,6,5
1340,394,6,5
1320,393,6,3
820,388,6,3
1060,373,6,13
980,406,6,5
1040,408,6,3
1140,387,6,5
1180,418,6,5
1200,405,6,5
780,395,6,5
1140,398,6,5
1340,414,6,5
1040,401,6,5
1160,375,6,5
1000,420,6,5
640,380,6,3
1300,399,6,5
1080,414,6,7
760,408,6,3
780,405,6,3
660,386,6,3
540,415,6,3
1060,420,6,11
760,391,6,5
780,416,6,3
840,426,6,5
780,399,6,3
1000,398,6,5
820,368,6,3
920,410,6,5
840,390,6,3
960,415,6,7
860,415,6,5
1020,374,6,7
880,410,6,5
1000,413,6,5
1040,386,6,11
860,381,6,5
920,412,6,5
960,422,6,7
1020,421,6,5
1160,411,6,11
1240,422,6,5
1060,397,6,7
1160,403,6,13
1020,402,6,5
1060,417,6,5
1240,399,6,13
1020,384,6,5
1000,377,6,5
920,401,6,11
1820,395,6,13
980,403,6,7
860,409,6,3
1220,404,6,5
980,386,6,3
1120,396,6,7
1080,411,6,5
1420,401,6,11
860,419,6,7
1020,390,6,11
940,418,6,11
820,389,6,3
1220,413,6,11
820,401,6,5
680,403,6,5
680,389,6,7
780,395,6,7
1060,430,6,7
980,394,6,5
780,404,6,5
940,409,6,7
840,410,6,5
1080,407,6,7
940,389,6,7
880,389,6,5
920,448,6,3
980,397,6,7
1120,399,6,13
840,394,6,5
1020,393,6,3
940,416,6,5
760,434,6,3
740,410,6,3
920,414,6,5
1000,394,6,7
1120,412,6,5
860,418,6,5
840,425,6,5
840,390,6,5
1420,398,6,11
840,401,6,5
860,428,6,3
1240,395,6,13
1180,426,6,7
740,402,6,3
960,380,6,5
940,389,6,3
1200,409,6,7
840,389,6,5
1140,413,6,11
1120,400,6,5
1020,409,6,5
1200,404,6,7
860,423,6,3
900,383,6,7
700,409,6,3
960,394,6,5
980,385,6,7
700,443,6,7
760,385,6,11
940,373,6,13
1500,404,6,11
1120,419,6,7
980,397,6,5
1120,436,6,11
1160,397,6,11
880,376,6,3
1140,408,6,5
860,422,6,3
540,422,6,5
820,388,6,7
1140,415,6,17
840,385,6,7
960,389,6,7
800,416,6,5
780,387,6,3
840,382,6,5
800,419,6,3
780,392,6,3
920,434,6,7
1180,414,6,7
840,395,6,3
780,396,6,3
740,385,6,3
780,381,6,3
1040,421,6,5
860,396,6,3
640,410,6,5
860,394,6,7
920,369,6,5
820,431,6,7
880,405,6,5
860,437,6,7
980,414,6,11
920,399,6,5
1060,423,6,5
1060,423,6,5
1040,424,6,7
800,438,6,3
860,411,6,3
1000,394,6,7
820,423,6,7
820,404,6,5
600,397,6,7
660,391,6,5
760,405,6,3
740,394,6,5
1200,386,6,11
720,412,6,3
820,419,6,5
740,410,6,3
960,407,6,11
720,426,6,3
800,411,6,5
800,397,6,5
940,420,6,11
680,389,6,3
900,393,6,5
720,424,6,3
1000,420,6,5
920,422,6,13
620,418,6,7
800,400,6,7
780,444,6,7
940,419,6,11
740,383,6,3
860,411,6,5
1200,413,6,13
800,411,6,5
980,400,6,5
1000,410,6,7
960,393,6,11
920,409,6,5
1140,411,6,5
1060,407,6,7
1120,412,6,7
1160,429,6,5
940,398,6,3
840,408,6,5
800,401,6,3
920,440,6,3
960,417,6,5
860,412,6,3
880,429,6,5
1080,413,6,3
940,442,6,5
980,405,6,11
980,410,6,7
920,416,6,5
1240,403,6,17
960,407,6,7
840,424,6,5
920,405,6,7
920,409,6,5
680,393,6,5
780,412,6,5
940,399,6,7
860,423,6,5
1100,398,6,11
780,408,6,3
1220,399,6,5
760,405,6,3
1000,404,6,5
760,387,6,3
760,422,6,3
1080,398,6,7
880,406,6,5
960,432,6,7
640,431,6,3
820,416,6,5
660,408,6,3
840,380,6,11
820,421,6,5
800,411,6,5
660,418,6,3
700,413,6,5
760,418,6,3
720,403,6,3
680,414,6,5
740,431,6,3
940,420,6,7
640,427,6,3
620,397,6,3
800,430,6,7
880,412,6,5
900,404,6,3
980,400,6,5
640,391,6,3
920,417,6,5
1160,413,6,7
1080,411,6,7
660,410,6,3
1220,431,6,5
840,426,6,7
740,425,6,5
980,415,6,5
700,425,6,5
560,427,6,5
880,423,6,5
920,419,6,3
1940,420,6,7
740,424,6,3
540,426,6,3
720,413,6,5
800,401,6,5
680,420,6,3
900,397,6,5
840,403,6,5
900,401,6,3
800,407,6,5
1080,407,6,11
740,426,6,5
840,422,6,11
720,425,6,5
760,409,6,5
860,416,6,3
800,418,6,3
860,418,6,5
840,406,6,5
1100,397,6,11
880,431,6,3
820,422,6,5
840,411,6,5
740,418,6,3
700,417,6,3
640,410,6,3
720,410,6,7
720,438,6,5
840,414,6,7
940,411,6,5
660,416,6,3
740,401,6,5
780,428,6,7
840,408,6,5
740,435,6,3
720,415,6,3
820,428,6,3
700,403,6,3
1000,400,6,3
960,436,6,5
1120,403,6,11
1080,436,6,5
980,392,6,5
800,452,6,3
1020,416,6,5
1120,416,6,3
820,402,6,3
900,433,6,3
1060,384,6,7
1000,393,6,5
1160,432,6,5
1180,428,6,7
860,411,6,3
940,422,6,5
960,415,6,5
860,394,6,3
880,391,6,5
780,385,6,3
940,393,6,7
860,411,6,5
880,434,6,5
1020,417,6,7
1140,432,6,11
760,399,6,3
780,406,6,3
1000,419,6,19
840,404,6,7
860,423,6,5
1220,420,6,19
900,428,6,5
960,413,6,7
580,401,6,3
880,418,6,5
1180,401,6,11
920,417,6,5
900,412,6,5
800,407,6,3
1000,420,6,5
1100,426,6,3
840,419,6,5
840,425,6,3
980,426,6,7
1320,429,6,5
1080,407,6,11
920,406,6,7
960,410,6,5
920,393,6,7
1160,426,6,13
840,401,6,5
940,419,6,11
940,429,6,11
1000,405,6,5
800,424,6,7
5080,405,6,5
940,419,6,5
880,399,6,3
1080,413,6,7
1280,402,6,5
880,406,6,3
740,392,6,5
1040,423,6,11
620,446,6,5
880,423,6,7
840,415,6,5
1200,440,6,5
860,404,6,3
1020,443,6,7
960,420,6,5
960,392,6,3
920,417,6,3
1100,428,6,3
840,412,6,5
980,419,6,7
1060,409,6,5
960,412,6,5
760,394,6,3
1040,433,6,13
840,391,6,7
680,408,6,3
940,425,6,5
880,414,6,5
1000,430,6,5
1020,441,6,5
940,407,6,5
860,410,6,5
860,439,6,3
880,403,6,5
780,425,6,5
940,415,6,11
820,412,6,3
940,410,6,7
1000,425,6,11
660,454,6,5
860,406,6,11
620,421,6,3
880,428,6,7
840,413,6,5
640,425,6,5
740,451,6,5
720,418,6,3
980,412,6,11
960,420,6,7
1080,421,6,7
1020,423,6,5
1040,409,6,3
860,443,6,5
980,386,6,7
940,425,6,7
940,442,6,3
1060,418,6,5
1380,424,6,11
960,431,6,5
1360,406,6,11
1000,406,6,5
1160,443,6,7
780,404,6,3
1020,398,6,3
940,415,6,3
1040,399,6,5
1240,431,6,5
1280,414,6,17
1340,431,6,5
1260,436,6,7
1220,401,6,5
1340,416,6,5
940,415,6,5
1120,432,6,5
900,436,6,3
1020,413,6,3
1260,419,6,5
1120,419,6,7
960,421,6,5
1060,412,6,5
980,400,6,3
1180,412,6,5
1080,413,6,5
1180,427,6,3
1360,416,6,7
800,431,6,3
1220,424,6,5
940,441,6,5
700,408,6,5
880,405,6,7
980,429,6,5
760,414,6,3
1020,412,6,5
900,429,6,7
1040,431,6,5
980,395,6,3
1120,429,6,5
880,414,6,7
840,427,6,7
840,428,6,5
740,414,6,5
840,413,6,5
760,415,6,5
820,431,6,5
1060,420,6,11
700,426,6,3
780,411,6,3
860,405,6,5
700,401,6,3
1000,431,6,11
1040,434,6,5
800,438,6,5
1120,449,6,5
640,433,6,3
980,414,6,5
1060,418,6,7
780,439,6,3
1080,460,6,7
1280,418,6,3
1020,408,6,3
1340,419,6,5
840,403,6,5
860,419,6,5
1100,438,6,3
940,416,6,7
1080,436,6,5
1100,407,6,5
820,403,6,3
820,428,6,3
1000,417,6,5
1020,450,6,7
980,418,6,5
1060,426,6,3
1140,411,6,11
1060,414,6,11
1000,426,6,5
1100,428,6,3
840,415,6,3
980,426,6,3
840,414,6,5
800,428,6,5
800,425,6,5
860,433,6,5
840,444,6,3
780,425,6,3
960,415,6,3
800,441,6,5
940,400,6,5
820,432,6,5
1680,417,6,7
880,414,6,3
940,415,6,5
980,422,6,7
720,422,6,3
1020,416,6,5
900,408,6,5
960,417,6,5
880,427,6,5
1240,449,6,7
940,415,6,7
820,399,6,3
1100,430,6,11
2960,440,6,5
760,408,6,3
920,435,6,5
1080,426,6,7
860,416,6,3
1000,428,6,5
940,434,6,7
1500,396,6,5
860,424,6,5
1000,399,6,3
960,417,6,5
1040,424,6,7
1040,400,6,5
960,420,6,7
1040,450,6,5
980,394,6,7
1140,401,6,7
1380,417,6,5
1220,415,6,3
1060,404,6,5
880,411,6,5
980,450,6,5
1060,396,6,5
980,429,6,5
1080,453,6,7
1220,444,6,5
760,429,6,3
1040,401,6,7
1020,413,6,5
1320,429,6,11
1000,412,6,11
1240,428,6,5
1060,406,6,7
900,426,6,7
840,408,6,3
1000,403,6,5
1040,434,6,11
1220,428,6,7
1000,405,6,7
1080,397,6,11
1120,427,6,3
1180,412,6,5
1180,439,6,11
1180,434,6,7
1140,422,6,3
960,423,6,3
1260,433,6,5
1240,439,6,3
1060,431,6,7
880,428,6,7
1280,407,6,7
1260,433,6,5
1260,411,6,7
1080,449,6,7
1100,428,6,5
800,419,6,3
920,424,6,7
980,421,6,3
1220,434,6,5
1020,427,6,5
1020,436,6,5
1220,404,6,7
1420,428,6,7
940,412,6,3
1340,417,6,5
1100,421,6,5
940,424,6,3
960,411,6,11
1120,435,6,11
1160,431,6,5
1080,415,6,5
920,452,6,5
1140,392,6,5
1500,422,6,5
1060,410,6,3
1080,426,6,7
1160,427,6,11
1000,411,6,7
960,410,6,5
1040,438,6,5
1140,455,6,7
940,414,6,7
1220,441,6,11
1280,425,6,7
840,446,6,3
940,447,6,5
980,411,6,7
1100,439,6,7
1180,394,6,5
1020,426,6,5
1260,455,6,7
1080,407,6,11
1080,433,6,7
820,427,6,3
1200,453,6,5
1420,437,6,7
840,423,6,5
1120,405,6,11
2000,432,6,7
1660,418,6,7
960,425,6,5
1260,464,6,7
1400,415,6,5
820,443,6,3
920,418,6,3
840,443,6,3
1460,444,6,11
1080,422,6,7
1020,430,6,7
940,427,6,5
1060,435,6,5
1060,413,6,7
1000,423,6,3
1100,447,6,5
1240,429,6,13
1180,426,6,3
920,414,6,3
1260,393,6,7
1140,429,6,5
1060,433,6,7
1500,442,6,5
980,414,6,5
1640,445,6,5
1000,439,6,3
1060,417,6,5
700,411,6,3
760,414,6,5
740,453,6,3
940,437,6,5
1240,469,6,5
1380,406,6,5
940,433,6,11
860,418,6,5
1180,407,6,13
980,417,6,3
880,439,6,5
1040,420,6,7
660,428,6,3
900,434,6,3
1060,442,6,7
1100,406,6,11
1060,429,6,7
1080,449,6,5
1060,429,6,5
860,429,6,5
780,446,6,3
980,427,6,3
940,442,6,3
960,435,6,7
1000,451,6,5
1180,428,6,5
700,414,6,3
1020,415,6,5
920,414,6,7
1100,416,6,5
1220,441,6,7
1060,423,6,7
1020,419,6,13
1100,437,6,13
960,442,6,7
980,403,6,11
880,418,6,5
1220,406,6,5
940,437,6,3
1080,458,6,7
940,458,6,5
1320,442,6,3
880,437,6,5
880,407,6,5
1200,441,6,5
1200,422,6,7
1220,431,6,5
1040,438,6,7
1900,409,6,5
920,425,6,5
1000,437,6,5
980,443,6,5
1120,447,6,11
1080,422,6,7
820,413,6,3
980,436,6,5
920,450,6,5
960,436,6,5
800,451,6,3
2840,430,6,3
1440,433,6,7
1280,419,6,7
1120,404,6,7
1160,431,6,3
1140,460,6,3
860,419,6,3
780,438,6,3
980,413,6,7
760,424,6,7
1000,423,6,7
1120,432,6,5
1000,435,6,5
940,444,6,5
1360,412,6,5
740,416,6,3
940,433,6,7
1060,419,6,5
880,410,6,7
1140,422,6,11
820,436,6,5
1240,435,6,7
1140,446,6,3
1200,413,6,7
980,438,6,5
840,415,6,7
980,439,6,5
1120,466,6,5
840,419,6,3
840,444,6,3
1000,409,6,5
840,423,6,3
800,431,6,3
1580,431,6,7
1280,428,6,7
1360,455,6,11
1000,418,6,7
1100,428,6,7
920,427,6,5
1220,417,6,5
1020,421,6,11
820,398,6,3
1320,441,6,5
840,435,6,5
1020,429,6,7
800,426,6,7
940,422,6,7
580,426,6,3
640,425,6,7
800,420,6,5
760,419,6,3
1240,427,6,7
1040,404,6,5
1100,411,6,11
820,421,6,3
940,423,6,7
640,448,6,3
820,439,6,5
1040,460,6,5
760,439,6,3
1020,442,6,7
880,432,6,7
800,403,6,3
960,436,6,7
940,396,6,7
960,425,6,11
860,446,6,5
980,416,6,7
980,425,6,5
1220,434,6,11
800,448,6,5
820,442,6,5
940,441,6,5
920,432,6,5
940,435,6,7
840,432,6,5
1100,447,6,11
860,435,6,5
600,421,6,5
960,432,6,7
820,451,6,5
760,434,6,3
860,446,6,5
1080,453,6,5
960,415,6,5
1020,415,6,11
900,423,6,5
980,445,6,11
1000,434,6,7
820,418,6,5
860,418,6,5
760,439,6,3
980,452,6,5
880,455,6,5
760,431,6,3
820,429,6,5
780,429,6,3
760,450,6,3
1180,433,6,11
900,444,6,7
920,423,6,7
1040,425,6,3
1020,434,6,5
1020,425,6,7
740,411,6,5
580,445,6,3
820,401,6,3
560,414,6,3
820,457,6,3
940,420,6,5
920,436,6,5
1180,455,6,11
980,459,6,3
1020,445,6,5
1400,435,6,3
920,441,6,7
900,459,6,5
940,399,6,5
920,442,6,5
1000,437,6,5
660,436,6,3
980,460,6,5
880,432,6,3
1080,463,6,5
1240,415,6,11
1280,426,6,11
900,423,6,7
940,426,6,5
1080,446,6,5
980,444,6,3
1000,424,6,3
1360,436,6,11
840,433,6,3
680,423,6,7
880,446,6,5
740,428,6,5
960,419,6,7
860,397,6,5
840,431,6,5
840,426,6,3
820,424,6,7
820,455,6,5
860,445,6,5
720,426,6,3
820,434,6,11
820,428,6,5
900,444,6,5
980,439,6,5
940,459,6,17
840,439,6,7
860,431,6,5
960,439,6,7
700,441,6,3
720,429,6,3
780,448,6,5
640,444,6,3
880,434,6,7
620,420,6,3
880,437,6,7
900,468,6,11
920,439,6,5
920,450,6,5
800,411,6,3
1300,444,6,5
900,459,6,7
960,444,6,7
860,431,6,5
900,428,6,5
880,402,6,7
940,413,6,7
860,431,6,5
880,434,6,3
1040,432,6,11
680,430,6,3
1060,435,6,5
780,425,6,3
1040,448,6,5
1100,416,6,3
1700,435,6,3
1220,433,6,7
820,408,6,5
1060,441,6,5
960,458,6,3
900,463,6,3
1180,426,6,5
1120,444,6,11
900,453,6,11
760,455,6,3
1000,430,6,13
800,398,6,5
840,451,6,5
900,419,6,7
840,448,6,5
900,437,6,7
1000,460,6,11
940,443,6,7
900,421,6,11
820,427,6,5
1100,448,6,5
1020,454,6,7
920,461,6,7
1040,443,6,7
620,453,6,3
1020,436,6,7
800,418,6,3
1000,410,6,3
980,437,6,5
960,439,6,7
780,451,6,5
960,424,6,11
480,428,6,3
740,444,6,3
1060,469,6,11
1040,425,6,5
1300,434,6,5
720,440,6,3
860,400,6,5
820,425,6,3
860,419,6,7
960,442,6,7
700,426,6,3
760,444,6,5
580,438,6,3
1160,434,6,11
780,448,6,3
940,451,6,7
820,457,6,5
840,440,6,5
940,441,6,5
940,450,6,11
660,459,6,3
1020,435,6,3
1040,448,6,13
980,453,6,5
1340,444,6,13
720,468,6,3
1000,433,6,7
780,444,6,3
700,420,6,3
840,449,6,5
880,452,6,5
860,421,6,5
1120,445,6,7
1140,461,6,5
1020,461,6,5
760,440,6,5
900,451,6,3
800,440,6,3
920,434,6,7
980,461,6,3
920,448,6,5
860,429,6,5
1260,436,6,13
840,438,6,7
920,425,6,7
960,441,6,5
900,455,6,7
860,437,6,3
1060,420,6,7
540,447,6,3
900,426,6,7
840,444,6,7
2680,431,6,7
980,432,6,5
920,449,6,3
780,448,6,5
900,430,6,3
1180,450,6,11
860,442,6,3
940,450,6,5
920,426,6,7
860,432,6,5
860,430,6,5
900,417,6,5
700,428,6,3
1680,458,6,3
1020,437,6,5
1160,445,6,5
800,451,6,3
840,430,6,3
1020,452,6,5
840,441,6,3
920,442,6,5
980,481,6,5
1040,418,6,7
780,475,6,3
1060,431,6,7
1000,420,6,7
920,426,6,7
840,449,6,3
800,451,6,3
620,453,6,3
860,443,6,5
1020,451,6,11
880,430,6,5
900,440,6,5
960,438,6,5
1080,431,6,7
980,432,6,5
880,444,6,5
940,436,6,5
1140,445,6,7
1020,442,6,5
980,432,6,7
1060,460,6,5
1100,435,6,11
1020,449,6,5
1000,427,6,7
1120,466,6,7
940,430,6,7
900,457,6,5
1180,446,6,7
1120,447,6,5
680,446,6,3
1060,450,6,11
1080,418,6,7
1020,459,6,5
1020,450,6,5
920,421,6,5
940,431,6,7
820,426,6,3
960,472,6,7
1060,446,6,5
820,448,6,5
820,420,6,7
1000,454,6,13
860,451,6,5
900,452,6,7
880,434,6,3
840,421,6,5
600,454,6,3
860,437,6,3
860,445,6,5
700,423,6,3
860,453,6,7
760,435,6,3
840,457,6,5
800,416,6,3
1000,444,6,5
920,432,6,5
720,438,6,3
860,450,6,5
1000,439,6,3
780,420,6,3
720,473,6,5
880,452,6,7
940,426,6,5
1300,420,6,13
1000,438,6,7
740,444,6,3
820,449,6,3
880,449,6,5
900,443,6,5
840,434,6,5
820,428,6,7
900,452,6,5
760,444,6,3
980,455,6,11
940,428,6,11
880,453,6,11
800,468,6,3
800,431,6,3
960,445,6,5
1020,449,6,11
900,426,6,7
1100,431,6,11
1020,457,6,5
860,437,6,3
1320,421,6,5
1080,451,6,3
920,470,6,7
680,462,6,3
780,446,6,3
900,441,6,3
920,456,6,5
800,443,6,3
780,464,6,7
940,431,6,5
800,458,6,5
780,466,6,3
900,412,6,5
880,457,6,5
700,447,6,3
800,453,6,5
840,433,6,5
860,432,6,5
920,455,6,7
780,447,6,3
700,448,6,7
760,444,6,3
920,437,6,5
900,466,6,5
760,444,6,3
900,447,6,5
820,438,6,3
960,431,6,7
960,454,6,3
1140,452,6,7
1380,444,6,5
920,477,6,5
880,454,6,11
660,457,6,7
660,450,6,7
860,451,6,5
760,471,6,3
960,419,6,5
980,433,6,11
660,456,6,3
840,444,6,3
800,433,6,3
760,419,6,3
860,446,6,5
1000,422,6,7
920,453,6,5
800,418,6,3
1080,451,6,5
780,458,6,3
720,479,6,3
860,441,6,5
780,452,6,5
920,452,6,5
900,440,6,7
1000,457,6,5
640,440,6,3
840,482,6,5
800,468,6,7
980,434,6,5
820,453,6,5
880,452,6,5
820,423,6,5
920,461,6,5
920,454,6,5
800,448,6,3
840,455,6,7
900,449,6,5
660,443,6,3
880,439,6,5
1040,442,6,7
860,462,6,7
1420,472,6,5
800,429,6,5
820,417,6,5
840,454,6,5
960,437,6,5
800,435,6,5
820,441,6,5
980,473,6,7
880,431,6,7
940,446,6,3
820,437,6,5
1380,458,6,7
900,423,6,7
760,456,6,3
840,461,6,7
980,444,6,5
760,444,6,5
800,455,6,5
820,470,6,7
840,449,6,7
920,470,6,7
1000,450,6,11
980,451,6,5
900,461,6,7
700,448,6,5
860,482,6,5
1100,480,6,13
980,421,6,11
680,446,6,5
960,429,6,5
920,437,6,7
700,484,6,3
700,454,6,3
920,465,6,5
880,456,6,5
940,469,6,5
680,454,6,5
760,477,6,7
880,460,6,7
720,462,6,3
900,457,6,11
740,456,6,5
680,445,6,3
1220,460,6,11
1000,428,6,5
980,453,6,5
740,431,6,7
780,462,6,5
900,458,6,5
780,468,6,5
740,457,6,3
780,457,6,5
680,444,6,3
1020,432,6,11
900,447,6,7
940,478,6,5
900,448,6,5
940,446,6,5
920,467,6,5
720,447,6,5
740,436,6,5
820,458,6,7
880,463,6,5
780,430,6,5
740,477,6,5
620,473,6,3
960,465,6,7
880,470,6,7
620,468,6,3
660,449,6,3
740,452,6,3
800,453,6,3
820,453,6,5
1060,467,6,5
1080,448,6,5
980,434,6,7
880,461,6,5
660,460,6,3
540,447,6,3
700,474,6,5
780,473,6,5
760,460,6,5
540,472,6,3
1040,437,6,11
900,450,6,7
860,446,6,7
660,415,6,3
720,462,6,5
760,477,6,5
840,456,6,3
780,432,6,7
620,456,6,3
980,458,6,5
860,451,6,5
620,445,6,3
940,409,6,5
700,448,6,3
880,450,6,7
760,492,6,5
840,466,6,7
980,459,6,7
840,447,6,5
880,444,6,7
780,446,6,3
780,435,6,3
1000,444,6,5
840,463,6,5
920,453,6,5
820,471,6,7
720,453,6,5
820,487,6,7
780,452,6,3
1100,468,6,5
620,456,6,3
860,461,6,3
820,451,6,5
860,459,6,7
820,447,6,5
800,429,6,5
820,435,6,5
840,454,6,5
1120,446,6,7
880,453,6,5
820,463,6,5
920,452,6,7
840,446,6,7
780,439,6,5
1080,466,6,11
900,431,6,7
900,459,6,5
960,447,6,5
680,464,6,3
760,444,6,3
920,456,6,5
860,456,6,7
880,461,6,3
860,482,6,3
780,490,6,3
680,463,6,3
760,481,6,3
880,461,6,5
800,466,6,5
960,442,6,7
860,459,6,7
640,451,6,3
900,443,6,7
780,441,6,7
660,472,6,5
1060,431,6,11
960,433,6,3
720,452,6,3
820,493,6,3
1020,473,6,7
1000,460,6,7
860,453,6,3
1180,447,6,7
860,465,6,7
920,446,6,3
1020,466,6,3
980,435,6,5
1060,440,6,11
1100,470,6,5
1080,441,6,5
880,479,6,3
1140,421,6,11
660,451,6,3
620,430,6,5
820,441,6,3
740,451,6,3
920,441,6,5
800,441,6,3
860,469,6,5
820,442,6,5
840,475,6,11
640,474,6,3
740,449,6,5
800,424,6,5
740,450,6,3
740,444,6,7
680,461,6,3
740,452,6,3
840,452,6,5
920,457,6,5
840,485,6,5
840,478,6,7
1100,457,6,5
840,456,6,5
880,457,6,5
1020,453,6,5
1060,456,6,3
900,440,6,11
920,448,6,7
780,448,6,5
820,431,6,5
880,465,6,5
820,468,6,5
720,476,6,3
780,458,6,5
1100,459,6,7
1060,405,6,11
760,464,6,5
880,462,6,5
820,456,6,5
800,446,6,7
920,472,6,7
860,431,6,5
1380,434,6,7
1560,444,6,13
980,451,6,5
940,467,6,5
1020,456,6,7
900,436,6,7
780,469,6,5
1020,460,6,3
820,473,6,3
900,429,6,5
920,449,6,5
700,465,6,7
820,444,6,5
640,473,6,3
860,427,6,5
700,472,6,3
800,458,6,7
700,455,6,5
800,449,6,5
1040,463,6,5
700,460,6,7
860,454,6,5
780,451,6,5
1020,452,6,13
1060,471,6,7
880,471,6,7
880,460,6,5
880,441,6,5
700,444,6,3
900,452,6,5
800,455,6,5
900,484,6,7
760,476,6,3
1000,453,6,5
720,487,6,3
780,448,6,7
940,463,6,5
760,444,6,3
620,451,6,3
840,440,6,5
840,478,6,7
800,458,6,5
840,441,6,5
620,485,6,3
820,457,6,7
880,430,6,7
620,458,6,3
820,478,6,7
800,456,6,7
820,448,6,3
980,460,6,7
840,452,6,5
900,449,6,7
900,429,6,5
1140,468,6,5
1000,452,6,11
720,451,6,3
860,448,6,7
760,473,6,5
980,444,6,11
1040,460,6,11
740,447,6,3
820,472,6,7
640,450,6,3
880,450,6,7
680,489,6,3
720,464,6,3
880,499,6,5
720,475,6,3
1000,469,6,7
700,433,6,5
860,473,6,7
1000,479,6,5
1000,457,6,11
960,459,6,5
980,457,6,11
760,476,6,3
740,459,6,3
740,456,6,3
1040,459,6,7
820,452,6,5
800,476,6,3
680,470,6,3
820,454,6,5
880,448,6,5
760,480,6,5
620,458,6,3
860,443,6,5
700,448,6,3
800,480,6,3
860,452,6,7
880,462,6,3
1100,449,6,13
880,459,6,5
780,478,6,7
880,453,6,3
720,452,6,3
840,453,6,7
860,456,6,7
620,474,6,3
900,472,6,7
840,463,6,7
760,450,6,5
640,450,6,7
640,459,6,3
740,466,6,5
980,453,6,11
820,467,6,5
800,466,6,7
720,460,6,3
960,467,6,11
720,434,6,5
1020,475,6,5
820,491,6,7
920,417,6,5
880,460,6,5
840,433,6,5
860,457,6,5
800,470,6,5
720,464,6,3
960,488,6,5
820,460,6,5
800,493,6,5
720,454,6,3
700,443,6,3
720,471,6,3
780,457,6,7
860,476,6,5
880,436,6,5
960,480,6,11
760,430,6,5
880,460,6,5
820,454,6,3
820,495,6,7
860,462,6,11
900,446,6,7
980,461,6,5
920,451,6,5
640,473,6,3
880,454,6,5
900,470,6,7
1060,471,6,13
660,480,6,7
840,465,6,7
980,469,6,7
1060,479,6,5
700,453,6,3
880,469,6,7
720,459,6,5
800,465,6,5
880,462,6,5
900,465,6,5
900,467,6,7
960,458,6,11
1160,467,6,5
820,455,6,5
800,464,6,7
960,459,6,11
860,456,6,5
960,422,6,7
980,470,6,11
760,460,6,3
840,440,6,5
920,483,6,7
880,463,6,5
760,457,6,5
860,476,6,5
940,460,6,5
1000,462,6,5
820,458,6,5
740,470,6,3
860,446,6,7
800,444,6,5
900,466,6,5
800,471,6,5
880,464,6,5
720,445,6,3
760,459,6,5
820,470,6,5
920,472,6,5
880,481,6,5
620,462,6,3
780,469,6,7
700,465,6,7
920,463,6,7
940,461,6,5
760,439,6,7
760,446,6,7
940,481,6,11
920,459,6,5
1180,471,6,11
800,484,6,3
820,434,6,3
700,485,6,3
700,437,6,7
860,472,6,5
1040,476,6,5
960,455,6,7
980,475,6,5
1000,454,6,11
820,457,6,5
940,472,6,5
860,458,6,5
680,474,6,3
1060,461,6,11
820,453,6,7
940,447,6,7
860,466,6,3
960,506,6,11
920,454,6,5
960,482,6,5
860,468,6,5
660,479,6,3
780,459,6,7
840,464,6,5
760,435,6,5
880,475,6,7
880,468,6,7
880,476,6,3
960,449,6,7
860,440,6,5
900,489,6,5
700,442,6,3
780,464,6,3
880,438,6,3
720,473,6,3
760,459,6,3
840,497,6,13
920,457,6,5
980,454,6,5
920,464,6,7
920,479,6,5
840,450,6,5
1020,484,6,7
1180,454,6,7
960,446,6,5
920,446,6,3
820,473,6,3
800,427,6,5
800,452,6,5
860,477,6,5
920,459,6,5
860,478,6,3
1160,485,6,13
980,473,6,5
1240,445,6,3
800,482,6,7
960,479,6,17
800,464,6,3
780,479,6,5
1060,489,6,5
1020,439,6,5
860,472,6,5
700,471,6,3
740,474,6,3
860,460,6,5
900,475,6,5
900,480,6,5
840,467,6,5
1120,465,6,17
1220,509,6,11
880,487,6,5
920,458,6,5
1120,473,6,5
1060,431,6,5
960,455,6,7
1040,459,6,7
680,447,6,3
960,484,6,5
1080,462,6,5
960,485,6,7
1000,470,6,5
900,475,6,3
720,474,6,3
880,465,6,5
860,450,6,7
920,466,6,3
1080,475,6,7
880,472,6,7
1020,487,6,5
1080,458,6,7
860,464,6,5
740,454,6,3
1220,475,6,5
800,462,6,3
920,480,6,5
920,482,6,5
760,454,6,5
920,443,6,7
700,474,6,5
1220,464,6,11
940,485,6,3
880,464,6,3
960,457,6,5
1240,465,6,5
1160,471,6,5
1160,493,6,7
760,479,6,3
900,442,6,5
1080,488,6,5
900,462,6,5
960,461,6,5
900,474,6,3
860,482,6,5
660,472,6,3
900,466,6,5
1000,499,6,3
940,479,6,5
880,446,6,11
860,485,6,7
880,463,6,5
740,478,6,3
1040,458,6,5
860,461,6,5
900,497,6,5
860,483,6,5
900,481,6,5
1000,479,6,11
780,471,6,3
960,458,6,3
940,481,6,5
980,460,6,5
860,474,6,5
840,493,6,5
860,440,6,7
860,468,6,5
760,452,6,3
940,466,6,7
940,476,6,5
860,487,6,5
920,460,6,5
840,477,6,7
980,455,6,11
900,500,6,7
960,495,6,7
840,455,6,5
940,495,6,7
1360,449,6,5
880,465,6,3
940,486,6,5
1020,467,6,7
880,463,6,5
1200,467,6,17
1420,462,6,7
980,470,6,7
980,454,6,7
1520,472,6,17
960,460,6,7
900,467,6,5
1040,461,6,3
1180,488,6,5
980,455,6,5
1140,470,6,11
1000,457,6,5
900,477,6,5
820,465,6,3
940,508,6,5
900,453,6,7
1200,481,6,5
900,495,6,5
960,473,6,7
1020,455,6,5
940,485,6,5
980,463,6,11
1320,475,6,7
980,457,6,7
840,487,6,5
1000,440,6,5
980,484,6,3
880,470,6,3
1040,459,6,7
1320,467,6,5
1040,475,6,7
1120,480,6,7
1000,460,6,3
1480,470,6,5
880,461,6,3
1260,477,6,5
880,447,6,3
1040,459,6,5
1140,495,6,7
1200,484,6,13
1000,471,6,3
1000,463,6,5
1040,474,6,3
1000,477,6,3
880,471,6,3
880,477,6,3
3420,486,6,3
1000,499,6,5
940,465,6,3
1100,475,6,7
1040,472,6,5
1760,481,6,7
1100,478,6,7
1080,498,6,3
960,486,6,5
1000,492,6,5
760,480,6,3
820,464,6,3
920,473,6,3
780,478,6,3
1200,458,6,5
1200,498,6,11
1100,492,6,7
1040,481,6,5
1060,477,6,7
1040,470,6,5
1040,506,6,7
1000,494,6,5
940,464,6,5
840,452,6,3
980,452,6,5
1260,493,6,11
1020,461,6,7
960,462,6,5
980,462,6,5
22560,460,6,11
1800,481,6,3
1160,497,6,7
1220,505,6,5
1400,472,6,7
1060,490,6,5
980,499,6,7
720,507,6,5
880,474,6,7
940,465,6,7
860,459,6,3
940,454,6,7
920,482,6,5
920,452,6,7
940,474,6,5
1000,487,6,5
840,471,6,5
940,475,6,7
920,457,6,7
860,474,6,7
900,478,6,5
940,469,6,5
780,484,6,5
840,433,6,5
780,460,6,3
880,495,6,5
1180,485,6,13
700,461,6,3
1140,482,6,5
1000,478,6,5
1080,481,6,5
920,488,6,7
920,472,6,7
1060,499,6,7
1040,477,6,11
560,468,6,3
760,506,6,3
880,468,6,5
920,469,6,3
940,467,6,7
1080,481,6,7
1100,497,6,5
1120,477,6,5
800,456,6,7
960,464,6,5
820,496,6,3
800,475,6,3
840,458,6,7
660,483,6,3
840,474,6,3
920,490,6,5
660,459,6,3
760,438,6,3
900,486,6,5
920,492,6,7
940,476,6,11
760,480,6,3
820,502,6,5
740,463,6,3
940,452,6,5
1100,467,6,7
920,463,6,5
780,468,6,5
900,474,6,5
880,481,6,5
1020,472,6,11
940,456,6,5
1040,478,6,7
1140,474,6,5
6860,473,6,3
1120,482,6,7
1080,490,6,11
980,488,6,5
1140,466,6,13
1000,478,6,5
880,482,6,7
820,465,6,3
1020,475,6,5
1080,435,6,3
980,489,6,7
920,477,6,7
820,473,6,3
1000,463,6,5
1020,463,6,5
960,436,6,5
840,466,6,5
760,470,6,3
820,473,6,7
1100,466,6,5
1020,503,6,7
1000,481,6,5
940,507,6,7
960,453,6,5
880,493,6,7
780,488,6,5
960,490,6,5
1200,470,6,13
880,485,6,3
920,493,6,7
1060,486,6,11
1000,493,6,5
1100,466,6,5
1100,467,6,13
860,474,6,5
740,491,6,5
800,458,6,5
960,464,6,5
900,490,6,5
1200,467,6,11
980,487,6,5
1380,467,6,11
740,495,6,7
800,500,6,3
700,452,6,3
1020,455,6,5
880,479,6,5
920,487,6,7
800,463,6,5
860,485,6,5
1000,482,6,5
960,467,6,5
880,498,6,5
880,486,6,3
820,475,6,3
1060,473,6,11
1000,464,6,7
800,479,6,3
880,470,6,7
860,491,6,3
840,468,6,5
1140,475,6,13
760,509,6,3
900,481,6,7
680,480,6,3
720,475,6,5
980,468,6,7
1180,491,6,5
1000,520,6,5
720,449,6,3
900,476,6,3
980,467,6,5
800,507,6,3
920,473,6,5
920,463,6,5
820,478,6,5
960,485,6,7
680,490,6,3
980,466,6,7
880,480,6,5
680,468,6,3
1000,482,6,5
780,450,6,3
860,491,6,3
1300,486,6,5
900,472,6,5
800,475,6,5
960,480,6,5
900,494,6,7
1060,488,6,3
900,446,6,7
760,500,6,3
780,484,6,3
980,476,6,11
2760,506,6,5
860,500,6,7
860,513,6,7
1020,477,6,11
820,492,6,3
980,482,6,7
760,473,6,5
700,493,6,5
760,479,6,5
660,483,6,3
1220,505,6,5
980,464,6,5
900,463,6,7
1340,479,6,11
940,488,6,3
860,492,6,3
880,500,6,5
820,480,6,7
540,491,6,3
600,476,6,3
740,495,6,3
720,468,6,7
860,476,6,7
1180,519,6,11
780,458,6,3
940,491,6,5
760,463,6,3
880,472,6,3
800,488,6,3
1180,498,6,13
940,482,6,7
820,456,6,3
1000,504,6,11
760,504,6,7
840,487,6,5
940,504,6,7
740,487,6,5
840,499,6,5
760,489,6,5
880,499,6,5
760,491,6,5
860,499,6,3
800,459,6,3
940,478,6,5
780,490,6,7
940,501,6,5
740,471,6,3
960,489,6,7
1020,506,6,5
920,510,6,5
680,498,6,7
780,478,6,3
920,457,6,5
980,486,6,5
1020,528,6,5
1140,468,6,5
680,484,6,3
1040,475,6,5
860,482,6,5
900,472,6,7
900,496,6,5
960,480,6,7
880,478,6,5
960,450,6,7
840,443,6,5
820,485,6,3
700,476,6,3
940,494,6,7
1160,479,6,5
740,509,6,3
1160,498,6,5
740,472,6,5
1000,523,6,11
780,472,6,3
1240,486,6,11
720,464,6,3
1200,479,6,5
820,514,6,5
780,479,6,3
840,493,6,5
13860,486,6,11
960,481,6,5
800,485,6,5
1100,492,6,5
1180,476,6,11
660,498,6,5
940,478,6,11
3480,482,6,5
700,482,6,3
1060,490,6,11
800,480,6,7
960,468,6,5
980,502,6,7
980,485,6,7
980,472,6,7
1020,467,6,5
880,497,6,3
1000,462,6,7
880,486,6,3
720,499,6,5
1020,488,6,5
880,499,6,5
900,479,6,7
1060,490,6,11
1080,491,6,11
820,486,6,3
920,463,6,7
8020,473,6,5
1100,488,6,5
1080,487,6,5
980,477,6,5
700,481,6,3
1040,475,6,11
880,488,6,7
980,475,6,5
920,480,6,7
820,486,6,3
800,480,6,3
1040,491,6,7
1040,507,6,5
1040,496,6,5
900,481,6,5
900,515,6,5
1080,495,6,11
1300,495,6,5
1120,490,6,5
980,496,6,3
980,475,6,5
1140,485,6,5
920,491,6,7
900,513,6,5
860,490,6,7
1060,485,6,5
980,485,6,5
900,458,6,3
840,511,6,7
1020,495,6,5
1100,503,6,5
880,497,6,5
1100,493,6,7
960,501,6,5
1040,484,6,11
1080,460,6,5
940,507,6,5
1620,468,6,7
1060,513,6,7
800,473,6,3
1000,502,6,3
940,497,6,5
900,467,6,5
760,483,6,3
1080,498,6,7
800,501,6,3
1060,501,6,7
940,496,6,5
920,489,6,5
860,522,6,3
900,509,6,5
940,503,6,5
1220,506,6,11
1080,495,6,11
860,482,6,3
980,493,6,7
800,479,6,3
1100,486,6,7
940,485,6,7
880,494,6,5
800,458,6,3
1220,487,6,11
1160,493,6,11
860,503,6,3
1120,497,6,5
1320,480,6,13
860,470,6,5
1020,495,6,5
820,471,6,3
900,488,6,5
860,484,6,7
880,495,6,7
940,478,6,7
940,511,6,5
1060,478,6,5
800,491,6,5
940,472,6,5
960,509,6,5
1060,474,6,11
1060,497,6,5
1140,483,6,7
840,508,6,3
940,445,6,7
1040,495,6,5
640,500,6,3
680,495,6,5
780,484,6,3
900,506,6,5
860,494,6,5
820,496,6,7
820,487,6,5
1000,472,6,5
820,476,6,3
820,477,6,3
980,491,6,11
920,514,6,7
640,503,6,3
840,462,6,7
940,505,6,5
960,478,6,7
780,490,6,7
840,489,6,3
900,489,6,3
880,512,6,5
820,456,6,5
1020,494,6,5
720,470,6,3
860,521,6,7
1400,481,6,11
980,482,6,7
900,510,6,7
880,481,6,5
820,507,6,5
1000,485,6,5
1180,498,6,5
1220,512,6,11
1120,512,6,7
1340,468,6,13
1440,458,6,3
800,498,6,3
980,491,6,5
920,441,6,7
1000,490,6,7
1000,460,6,7
1160,468,6,5
840,496,6,3
980,477,6,7
820,476,6,3
860,516,6,3
860,513,6,3
900,507,6,5
1040,500,6,5
900,499,6,5
1160,468,6,11
840,477,6,3
1140,488,6,7
960,481,6,5
820,492,6,5
920,502,6,5
1040,511,6,5
980,503,6,5
960,499,6,7
1120,477,6,17
840,496,6,5
760,504,6,5
780,503,6,5
760,476,6,3
920,483,6,7
860,488,6,5
780,493,6,5
820,487,6,3
880,501,6,5
1000,500,6,11
900,498,6,5
1220,481,6,7
1380,513,6,5
880,506,6,5
640,476,6,3
1020,508,6,7
860,461,6,7
900,493,6,5
800,508,6,7
1100,492,6,3
900,480,6,5
1000,507,6,5
980,513,6,13
900,490,6,5
820,497,6,5
720,486,6,5
700,502,6,3
760,513,6,3
780,504,6,3
760,467,6,3
1080,462,6,13
800,489,6,7
1060,488,6,7
920,485,6,5
820,482,6,5
900,510,6,5
960,461,6,5
680,494,6,3
1060,493,6,11
920,480,6,5
1060,469,6,13
760,505,6,3
1220,490,6,5
880,483,6,5
720,524,6,3
840,511,6,5
840,491,6,5
820,487,6,5
880,491,6,5
1080,498,6,13
960,504,6,5
1200,498,6,11
820,485,6,5
760,483,6,5
860,508,6,5
780,499,6,7
920,462,6,5
960,503,6,7
960,484,6,5
820,491,6,3
860,494,6,5
680,469,6,3
700,502,6,3
1000,513,6,11
880,512,6,5
1100,528,6,5
1120,475,6,5
820,501,6,3
840,508,6,7
780,483,6,5
1000,501,6,11
880,501,6,3
800,472,6,7
980,506,6,5
1040,492,6,7
740,488,6,3
800,476,6,5
2600,483,6,7
740,466,6,3
680,497,6,3
840,516,6,5
720,540,6,3
980,523,6,7
1060,491,6,11
620,502,6,3
920,507,6,7
920,509,6,5
880,490,6,7
1280,502,6,13
860,515,6,5
880,486,6,7
740,497,6,7
860,471,6,7
780,478,6,3
920,481,6,5
760,485,6,3
980,495,6,5
1060,483,6,5
880,484,6,5
880,504,6,5
960,482,6,5
880,498,6,3
940,528,6,3
860,491,6,5
720,502,6,5
900,534,6,5
920,512,6,5
1700,477,6,5
940,492,6,7
1060,510,6,17
1040,527,6,5
880,518,6,5
800,519,6,3
900,476,6,5
1140,471,6,13
840,497,6,7
1020,514,6,3
820,493,6,5
940,486,6,7
960,488,6,5
760,462,6,5
960,473,6,5
700,487,6,3
1020,480,6,11
720,515,6,3
920,487,6,7
960,494,6,7
940,478,6,7
920,501,6,7
920,502,6,7
980,472,6,5
940,488,6,5
820,494,6,3
740,479,6,3
840,502,6,5
840,492,6,3
920,486,6,5
1020,501,6,5
860,519,6,5
1100,507,6,5
1000,502,6,7
700,482,6,3
920,496,6,5
1060,497,6,13
980,481,6,7
1000,490,6,5
980,469,6,5
1100,489,6,7
940,477,6,7
820,508,6,3
1160,520,6,7
1180,487,6,11
1000,492,6,5
1260,518,6,5
720,514,6,3
1040,522,6,13
980,495,6,3
920,484,6,5
1020,502,6,5
1160,501,6,17
900,507,6,5
1260,508,6,7
940,504,6,7
1060,492,6,5
720,509,6,3
800,514,6,5
23220,474,6,3
860,499,6,7
840,509,6,5
840,492,6,7
820,498,6,3
880,513,6,3
1120,514,6,5
1040,490,6,5
1140,503,6,7
860,525,6,5
1020,511,6,7
760,494,6,3
1040,472,6,7
940,492,6,5
980,495,6,7
720,499,6,3
920,532,6,3
880,498,6,7
920,517,6,5
960,497,6,5
900,525,6,5
740,496,6,3
700,508,6,3
1000,489,6,11
980,535,6,7
1540,470,6,7
940,516,6,7
740,484,6,3
880,499,6,7
860,520,6,7
900,502,6,7
840,516,6,3
980,516,6,7
1480,520,6,5
800,514,6,3
1160,502,6,5
740,517,6,3
940,530,6,5
920,496,6,5
780,505,6,3
960,477,6,5
1060,498,6,5
1040,490,6,3
960,496,6,7
860,492,6,3
900,499,6,7
900,510,6,7
780,494,6,3
960,464,6,5
720,470,6,3
840,511,6,5
1100,516,6,7
860,504,6,3
800,477,6,5
760,531,6,3
940,528,6,5
980,471,6,5
860,493,6,5
900,515,6,5
820,518,6,5
1060,481,6,7
960,472,6,3
980,527,6,7
900,490,6,7
760,490,6,3
1000,502,6,7
860,497,6,5
920,513,6,7
980,506,6,5
960,501,6,7
860,492,6,5
1000,500,6,7
920,485,6,3
860,495,6,7
900,529,6,5
1000,528,6,5
740,517,6,3
940,494,6,11
940,499,6,5
2840,526,6,5
880,491,6,7
1020,487,6,13
820,518,6,3
740,510,6,3
900,531,6,5
1000,516,6,5
780,486,6,3
760,505,6,3
740,542,6,3
960,493,6,7
1120,502,6,11
1060,511,6,5
1140,499,6,5
940,490,6,5
820,499,6,3
880,534,6,5
1020,474,6,5
760,505,6,7
1000,474,6,11
1200,501,6,7
960,472,6,3
980,513,6,5
1040,498,6,11
1020,485,6,7
1160,498,6,5
1060,517,6,3
1040,529,6,11
1020,502,6,7
920,503,6,7
820,514,6,5
900,500,6,5
840,503,6,7
920,531,6,5
740,513,6,3
780,490,6,5
960,521,6,5
880,509,6,5
920,523,6,7
1040,487,6,5
1040,533,6,11
840,529,6,3
980,470,6,7
1240,478,6,11
900,521,6,7
1040,510,6,5
1000,524,6,7
900,501,6,7
1000,487,6,5
1020,507,6,7
740,502,6,3
920,507,6,5
900,477,6,7
920,514,6,5
1000,512,6,11
700,492,6,5
980,511,6,7
1100,516,6,11
1040,511,6,11
920,506,6,5
920,511,6,3
960,508,6,3
960,509,6,5
820,502,6,3
940,490,6,7
840,508,6,7
1040,526,6,5
860,515,6,3
860,483,6,5
920,515,6,5
900,489,6,5
960,515,6,7
840,507,6,3
1080,494,6,11
800,482,6,5
1280,492,6,13
1360,483,6,5
900,483,6,5
940,508,6,7
1180,531,6,3
1200,518,6,5
1380,520,6,7
920,481,6,7
980,479,6,7
700,484,6,5
680,472,6,7
920,484,6,7
840,501,6,3
820,494,6,5
820,501,6,3
780,513,6,3
960,527,6,7
720,491,6,3
840,504,6,5
780,502,6,3
700,505,6,7
980,496,6,5
1000,512,6,5
880,498,6,7
940,490,6,5
840,507,6,5
960,523,6,5
760,509,6,3
920,483,6,5
720,516,6,3
1040,499,6,7
860,533,6,3
980,475,6,7
900,468,6,5
920,485,6,3
1040,499,6,5
840,514,6,5
1100,535,6,7
1560,502,6,5
1180,508,6,5
1500,499,6,7
1280,520,6,5
1060,499,6,7
1080,525,6,3
1300,492,6,5
940,501,6,7
960,507,6,7
5960,543,6,5
1020,539,6,5
1140,509,6,5
900,494,6,5
1180,507,6,3
1180,502,6,3
920,480,6,7
1000,493,6,5
1080,506,6,11
840,504,6,3
1040,521,6,3
1140,479,6,5
720,502,6,3
1020,532,6,5
860,536,6,5
820,511,6,3
1040,494,6,7
1120,513,6,7
660,537,6,5
800,512,6,5
980,518,6,5
920,520,6,7
900,517,6,5
1180,502,6,11
920,527,6,7
840,491,6,3
1000,519,6,5
1040,515,6,5
780,500,6,7
980,524,6,5
1100,507,6,5
1260,494,6,11
960,526,6,5
960,513,6,5
840,509,6,5
820,520,6,5
860,513,6,5
1080,522,6,11
840,536,6,3
880,487,6,5
1000,501,6,5
840,518,6,5
780,501,6,3
800,500,6,3
920,490,6,3
1020,509,6,7
1100,521,6,7
940,520,6,11
1060,504,6,5
980,511,6,5
1020,508,6,5
920,520,6,7
1120,512,6,7
940,531,6,5
860,520,6,3
1140,512,6,13
720,512,6,3
1280,524,6,7
980,506,6,5
1100,483,6,3
1140,510,6,7
840,487,6,5
1060,522,6,5
980,512,6,5
940,509,6,5
960,524,6,5
900,521,6,5
1360,509,6,19
780,519,6,3
940,524,6,3
1060,512,6,5
880,516,6,5
1260,527,6,11
1180,507,6,7
820,526,6,3
880,537,6,5
700,494,6,3
800,517,6,7
720,492,6,3
740,520,6,3
1040,503,6,5
960,518,6,5
840,492,6,3
960,512,6,5
940,507,6,5
1060,513,6,13
980,532,6,5
960,507,6,3
860,505,6,5
920,528,6,5
980,503,6,5
880,509,6,5
720,503,6,3
980,514,6,5
820,517,6,5
900,535,6,5
1020,503,6,7
1040,496,6,5
1020,503,6,11
920,499,6,7
760,490,6,3
920,446,6,5
920,494,6,3
860,509,6,3
820,486,6,5
1000,509,6,7
900,522,6,5
1240,519,6,7
820,490,6,3
920,533,6,5
900,493,6,5
920,506,6,7
980,497,6,5
840,507,6,5
880,508,6,5
1260,536,6,11
1100,516,6,11
780,512,6,3
800,514,6,5
900,503,6,5
780,503,6,7
900,513,6,5
760,497,6,3
880,516,6,5
860,504,6,7
1020,500,6,11
760,491,6,3
900,496,6,5
940,519,6,7
920,514,6,5
860,500,6,5
1080,503,6,5
25960,522,6,3
720,503,6,3